context_date,target_public_rate,comp_set_median_rate,market_median_rate,proper_vs_comp_set_index,public_rate_pressure_index,high_demand_rate_flag,upgrade_opportunity_cost_proxy,refund_cost_pressure,quote_count,target_property_quote_count,comp_set_quote_count,limited_availability_share,free_cancellation_share,target_rating,comp_set_median_rating,target_hotel_class,comp_set_median_hotel_class,target_amenity_count,comp_set_median_amenity_count,rate_context_confidence,pricing_capture_method,pricing_provenance,pricing_context_note
2026-01-01,650,640,645,1.016,0.119,false,69,0.914,6,1,5,0.0,0.667,4.5,4.4,5.0,5.0,8,7,0.92,sample_seed,sample_seed_public_rate_shape,"public quoted pricing context; not internal ADR, occupancy, revenue, margin, or comp policy"
2026-01-02,735,690,712,1.065,0.455,false,132,1.067,6,1,5,0.0,0.333,4.5,4.4,5.0,5.0,8,7,0.92,sample_seed,sample_seed_public_rate_shape,"public quoted pricing context; not internal ADR, occupancy, revenue, margin, or comp policy"
2026-01-03,650,725,715,0.897,0.119,false,69,0.91,6,1,5,0.0,0.667,4.5,4.4,5.0,5.0,8,7,0.92,sample_seed,sample_seed_public_rate_shape,"public quoted pricing context; not internal ADR, occupancy, revenue, margin, or comp policy"
2026-01-04,625,705,700,0.887,0.02,false,53,0.868,6,1,5,0.0,1.0,4.5,4.4,5.0,5.0,8,7,0.92,sample_seed,sample_seed_public_rate_shape,"public quoted pricing context; not internal ADR, occupancy, revenue, margin, or comp policy"
2026-01-05,630,675,675,0.933,0.04,false,56,0.877,6,1,5,0.0,1.0,4.5,4.4,5.0,5.0,8,7,0.92,sample_seed,sample_seed_public_rate_shape,"public quoted pricing context; not internal ADR, occupancy, revenue, margin, or comp policy"
2026-01-06,695,765,730,0.908,0.296,false,101,0.985,6,1,5,0.0,1.0,4.5,4.4,5.0,5.0,8,7,0.92,sample_seed,sample_seed_public_rate_shape,"public quoted pricing context; not internal ADR, occupancy, revenue, margin, or comp policy"
2026-01-07,675,705,705,0.957,0.217,false,86,0.951,6,1,5,0.0,1.0,4.5,4.4,5.0,5.0,8,7,0.92,sample_seed,sample_seed_public_rate_shape,"public quoted pricing context; not internal ADR, occupancy, revenue, margin, or comp policy"
2026-01-08,715,700,708,1.021,0.375,false,116,1.023,6,1,5,0.0,0.333,4.5,4.4,5.0,5.0,8,7,0.92,sample_seed,sample_seed_public_rate_shape,"public quoted pricing context; not internal ADR, occupancy, revenue, margin, or comp policy"
2026-01-09,770,755,762,1.02,0.593,false,162,1.114,6,1,5,0.0,0.667,4.5,4.4,5.0,5.0,8,7,0.92,sample_seed,sample_seed_public_rate_shape,"public quoted pricing context; not internal ADR, occupancy, revenue, margin, or comp policy"
2026-01-10,675,625,650,1.08,0.217,false,86,0.971,6,1,5,0.0,0.667,4.5,4.4,5.0,5.0,8,7,0.92,sample_seed,sample_seed_public_rate_shape,"public quoted pricing context; not internal ADR, occupancy, revenue, margin, or comp policy"
2026-01-11,805,815,815,0.988,0.731,true,194,1.167,6,1,5,0.333,0.5,4.5,4.4,5.0,5.0,8,7,0.92,sample_seed,sample_seed_public_rate_shape,"public quoted pricing context; not internal ADR, occupancy, revenue, margin, or comp policy"
2026-01-12,690,730,710,0.945,0.277,false,97,0.976,6,1,5,0.0,0.667,4.5,4.4,5.0,5.0,8,7,0.92,sample_seed,sample_seed_public_rate_shape,"public quoted pricing context; not internal ADR, occupancy, revenue, margin, or comp policy"
2026-01-13,605,540,542,1.12,0,false,48,0.89,6,1,5,0.0,0.333,4.5,4.4,5.0,5.0,8,7,0.92,sample_seed,sample_seed_public_rate_shape,"public quoted pricing context; not internal ADR, occupancy, revenue, margin, or comp policy"
2026-01-14,710,705,708,1.007,0.356,false,112,1.011,6,1,5,0.0,0.667,4.5,4.4,5.0,5.0,8,7,0.92,sample_seed,sample_seed_public_rate_shape,"public quoted pricing context; not internal ADR, occupancy, revenue, margin, or comp policy"
2026-01-15,800,765,765,1.046,0.711,false,189,1.17,6,1,5,0.0,0.833,4.5,4.4,5.0,5.0,8,7,0.92,sample_seed,sample_seed_public_rate_shape,"public quoted pricing context; not internal ADR, occupancy, revenue, margin, or comp policy"
2026-01-16,740,715,728,1.035,0.474,false,136,1.068,6,1,5,0.0,0.333,4.5,4.4,5.0,5.0,8,7,0.92,sample_seed,sample_seed_public_rate_shape,"public quoted pricing context; not internal ADR, occupancy, revenue, margin, or comp policy"
2026-01-17,710,760,755,0.934,0.356,false,112,1.009,6,1,5,0.0,0.833,4.5,4.4,5.0,5.0,8,7,0.92,sample_seed,sample_seed_public_rate_shape,"public quoted pricing context; not internal ADR, occupancy, revenue, margin, or comp policy"
2026-01-18,715,720,718,0.993,0.375,false,116,1.018,6,1,5,0.167,0.833,4.5,4.4,5.0,5.0,8,7,0.92,sample_seed,sample_seed_public_rate_shape,"public quoted pricing context; not internal ADR, occupancy, revenue, margin, or comp policy"
2026-01-19,620,600,608,1.033,0,false,50,0.868,6,1,5,0.0,0.833,4.5,4.4,5.0,5.0,8,7,0.92,sample_seed,sample_seed_public_rate_shape,"public quoted pricing context; not internal ADR, occupancy, revenue, margin, or comp policy"
2026-01-20,580,645,620,0.899,0,false,46,0.86,6,1,5,0.0,1.0,4.5,4.4,5.0,5.0,8,7,0.92,sample_seed,sample_seed_public_rate_shape,"public quoted pricing context; not internal ADR, occupancy, revenue, margin, or comp policy"
2026-01-21,725,760,742,0.954,0.415,false,124,1.034,6,1,5,0.0,0.833,4.5,4.4,5.0,5.0,8,7,0.92,sample_seed,sample_seed_public_rate_shape,"public quoted pricing context; not internal ADR, occupancy, revenue, margin, or comp policy"
2026-01-22,660,615,638,1.073,0.158,false,76,0.945,6,1,5,0.0,0.5,4.5,4.4,5.0,5.0,8,7,0.92,sample_seed,sample_seed_public_rate_shape,"public quoted pricing context; not internal ADR, occupancy, revenue, margin, or comp policy"
2026-01-23,765,740,752,1.034,0.573,false,158,1.109,6,1,5,0.167,0.833,4.5,4.4,5.0,5.0,8,7,0.92,sample_seed,sample_seed_public_rate_shape,"public quoted pricing context; not internal ADR, occupancy, revenue, margin, or comp policy"
2026-01-24,705,755,730,0.934,0.336,false,109,1.001,6,1,5,0.167,0.833,4.5,4.4,5.0,5.0,8,7,0.92,sample_seed,sample_seed_public_rate_shape,"public quoted pricing context; not internal ADR, occupancy, revenue, margin, or comp policy"
2026-01-25,750,670,690,1.119,0.514,false,145,1.106,6,1,5,0.0,0.667,4.5,4.4,5.0,5.0,8,7,0.92,sample_seed,sample_seed_public_rate_shape,"public quoted pricing context; not internal ADR, occupancy, revenue, margin, or comp policy"
2026-01-26,740,740,740,1.0,0.474,false,136,1.059,6,1,5,0.0,0.833,4.5,4.4,5.0,5.0,8,7,0.92,sample_seed,sample_seed_public_rate_shape,"public quoted pricing context; not internal ADR, occupancy, revenue, margin, or comp policy"
2026-01-27,710,665,675,1.068,0.356,false,112,1.026,6,1,5,0.0,0.5,4.5,4.4,5.0,5.0,8,7,0.92,sample_seed,sample_seed_public_rate_shape,"public quoted pricing context; not internal ADR, occupancy, revenue, margin, or comp policy"
2026-01-28,600,635,618,0.945,0,false,48,0.86,6,1,5,0.0,0.667,4.5,4.4,5.0,5.0,8,7,0.92,sample_seed,sample_seed_public_rate_shape,"public quoted pricing context; not internal ADR, occupancy, revenue, margin, or comp policy"
2026-01-29,605,710,680,0.852,0,false,48,0.86,6,1,5,0.0,0.833,4.5,4.4,5.0,5.0,8,7,0.92,sample_seed,sample_seed_public_rate_shape,"public quoted pricing context; not internal ADR, occupancy, revenue, margin, or comp policy"
2026-01-30,755,690,720,1.094,0.534,false,149,1.108,6,1,5,0.0,0.667,4.5,4.4,5.0,5.0,8,7,0.92,sample_seed,sample_seed_public_rate_shape,"public quoted pricing context; not internal ADR, occupancy, revenue, margin, or comp policy"
2026-01-31,735,735,735,1.0,0.455,false,132,1.051,6,1,5,0.0,0.333,4.5,4.4,5.0,5.0,8,7,0.92,sample_seed,sample_seed_public_rate_shape,"public quoted pricing context; not internal ADR, occupancy, revenue, margin, or comp policy"
2026-02-01,690,725,708,0.952,0.277,false,97,0.976,6,1,5,0.0,0.167,4.5,4.4,5.0,5.0,8,7,0.92,sample_seed,sample_seed_public_rate_shape,"public quoted pricing context; not internal ADR, occupancy, revenue, margin, or comp policy"
2026-02-02,635,680,668,0.934,0.059,false,59,0.885,6,1,5,0.0,0.667,4.5,4.4,5.0,5.0,8,7,0.92,sample_seed,sample_seed_public_rate_shape,"public quoted pricing context; not internal ADR, occupancy, revenue, margin, or comp policy"
2026-02-03,660,690,690,0.957,0.158,false,76,0.926,6,1,5,0.0,1.0,4.5,4.4,5.0,5.0,8,7,0.92,sample_seed,sample_seed_public_rate_shape,"public quoted pricing context; not internal ADR, occupancy, revenue, margin, or comp policy"
2026-02-04,530,625,615,0.848,0,false,42,0.86,6,1,5,0.0,0.667,4.5,4.4,5.0,5.0,8,7,0.92,sample_seed,sample_seed_public_rate_shape,"public quoted pricing context; not internal ADR, occupancy, revenue, margin, or comp policy"
2026-02-05,650,590,610,1.102,0.119,false,69,0.935,6,1,5,0.0,0.833,4.5,4.4,5.0,5.0,8,7,0.92,sample_seed,sample_seed_public_rate_shape,"public quoted pricing context; not internal ADR, occupancy, revenue, margin, or comp policy"
2026-02-06,680,620,645,1.097,0.237,false,90,0.984,6,1,5,0.0,0.5,4.5,4.4,5.0,5.0,8,7,0.92,sample_seed,sample_seed_public_rate_shape,"public quoted pricing context; not internal ADR, occupancy, revenue, margin, or comp policy"
2026-02-07,735,710,722,1.035,0.455,false,132,1.06,6,1,5,0.0,0.333,4.5,4.4,5.0,5.0,8,7,0.92,sample_seed,sample_seed_public_rate_shape,"public quoted pricing context; not internal ADR, occupancy, revenue, margin, or comp policy"
2026-02-08,810,745,772,1.087,0.751,true,199,1.197,6,1,5,0.167,1.0,4.5,4.4,5.0,5.0,8,7,0.92,sample_seed,sample_seed_public_rate_shape,"public quoted pricing context; not internal ADR, occupancy, revenue, margin, or comp policy"
2026-02-09,655,630,642,1.04,0.138,false,72,0.928,6,1,5,0.0,0.833,4.5,4.4,5.0,5.0,8,7,0.92,sample_seed,sample_seed_public_rate_shape,"public quoted pricing context; not internal ADR, occupancy, revenue, margin, or comp policy"
2026-02-10,640,665,652,0.962,0.079,false,62,0.893,6,1,5,0.0,0.833,4.5,4.4,5.0,5.0,8,7,0.92,sample_seed,sample_seed_public_rate_shape,"public quoted pricing context; not internal ADR, occupancy, revenue, margin, or comp policy"
2026-02-11,630,650,640,0.969,0.04,false,56,0.877,6,1,5,0.0,0.833,4.5,4.4,5.0,5.0,8,7,0.92,sample_seed,sample_seed_public_rate_shape,"public quoted pricing context; not internal ADR, occupancy, revenue, margin, or comp policy"
2026-02-12,560,575,568,0.974,0,false,45,0.86,6,1,5,0.0,0.833,4.5,4.4,5.0,5.0,8,7,0.92,sample_seed,sample_seed_public_rate_shape,"public quoted pricing context; not internal ADR, occupancy, revenue, margin, or comp policy"
2026-02-13,760,820,800,0.927,0.553,true,153,1.092,6,1,5,0.5,0.833,4.5,4.4,5.0,5.0,8,7,0.92,sample_seed,sample_seed_public_rate_shape,"public quoted pricing context; not internal ADR, occupancy, revenue, margin, or comp policy"
2026-02-14,825,855,840,0.965,0.81,true,213,1.2,6,1,5,0.667,0.667,4.5,4.4,5.0,5.0,8,7,0.92,sample_seed,sample_seed_public_rate_shape,"public quoted pricing context; not internal ADR, occupancy, revenue, margin, or comp policy"
2026-02-15,915,890,902,1.028,1,true,274,1.287,6,1,5,0.833,0.833,4.5,4.4,5.0,5.0,8,7,0.92,sample_seed,sample_seed_public_rate_shape,"public quoted pricing context; not internal ADR, occupancy, revenue, margin, or comp policy"
2026-02-16,540,575,560,0.939,0,false,43,0.86,6,1,5,0.0,0.667,4.5,4.4,5.0,5.0,8,7,0.92,sample_seed,sample_seed_public_rate_shape,"public quoted pricing context; not internal ADR, occupancy, revenue, margin, or comp policy"
2026-02-17,590,605,598,0.975,0,false,47,0.86,6,1,5,0.0,0.667,4.5,4.4,5.0,5.0,8,7,0.92,sample_seed,sample_seed_public_rate_shape,"public quoted pricing context; not internal ADR, occupancy, revenue, margin, or comp policy"
2026-02-18,635,680,680,0.934,0.059,false,59,0.885,6,1,5,0.0,0.833,4.5,4.4,5.0,5.0,8,7,0.92,sample_seed,sample_seed_public_rate_shape,"public quoted pricing context; not internal ADR, occupancy, revenue, margin, or comp policy"
2026-02-19,630,615,618,1.024,0.04,false,56,0.883,6,1,5,0.0,0.833,4.5,4.4,5.0,5.0,8,7,0.92,sample_seed,sample_seed_public_rate_shape,"public quoted pricing context; not internal ADR, occupancy, revenue, margin, or comp policy"
2026-02-20,660,705,692,0.936,0.158,false,76,0.926,6,1,5,0.0,0.833,4.5,4.4,5.0,5.0,8,7,0.92,sample_seed,sample_seed_public_rate_shape,"public quoted pricing context; not internal ADR, occupancy, revenue, margin, or comp policy"
2026-02-21,705,680,682,1.037,0.336,false,109,1.01,6,1,5,0.0,0.833,4.5,4.4,5.0,5.0,8,7,0.92,sample_seed,sample_seed_public_rate_shape,"public quoted pricing context; not internal ADR, occupancy, revenue, margin, or comp policy"
2026-02-22,755,730,742,1.034,0.534,false,149,1.093,6,1,5,0.0,0.833,4.5,4.4,5.0,5.0,8,7,0.92,sample_seed,sample_seed_public_rate_shape,"public quoted pricing context; not internal ADR, occupancy, revenue, margin, or comp policy"
2026-02-23,690,605,642,1.14,0.277,false,97,1.011,6,1,5,0.0,0.833,4.5,4.4,5.0,5.0,8,7,0.92,sample_seed,sample_seed_public_rate_shape,"public quoted pricing context; not internal ADR, occupancy, revenue, margin, or comp policy"
2026-02-24,655,630,642,1.04,0.138,false,72,0.928,6,1,5,0.0,0.833,4.5,4.4,5.0,5.0,8,7,0.92,sample_seed,sample_seed_public_rate_shape,"public quoted pricing context; not internal ADR, occupancy, revenue, margin, or comp policy"
2026-02-25,595,710,668,0.838,0,false,48,0.86,6,1,5,0.0,0.833,4.5,4.4,5.0,5.0,8,7,0.92,sample_seed,sample_seed_public_rate_shape,"public quoted pricing context; not internal ADR, occupancy, revenue, margin, or comp policy"
2026-02-26,655,615,632,1.065,0.138,false,72,0.934,6,1,5,0.0,0.833,4.5,4.4,5.0,5.0,8,7,0.92,sample_seed,sample_seed_public_rate_shape,"public quoted pricing context; not internal ADR, occupancy, revenue, margin, or comp policy"
2026-02-27,745,725,728,1.028,0.494,false,141,1.075,6,1,5,0.0,1.0,4.5,4.4,5.0,5.0,8,7,0.92,sample_seed,sample_seed_public_rate_shape,"public quoted pricing context; not internal ADR, occupancy, revenue, margin, or comp policy"
2026-02-28,690,710,700,0.972,0.277,false,97,0.976,6,1,5,0.0,0.667,4.5,4.4,5.0,5.0,8,7,0.92,sample_seed,sample_seed_public_rate_shape,"public quoted pricing context; not internal ADR, occupancy, revenue, margin, or comp policy"
2026-03-01,840,815,828,1.031,0.87,true,228,1.233,6,1,5,0.5,1.0,4.5,4.4,5.0,5.0,8,7,0.92,sample_seed,sample_seed_public_rate_shape,"public quoted pricing context; not internal ADR, occupancy, revenue, margin, or comp policy"
2026-03-02,800,730,730,1.096,0.711,false,189,1.183,6,1,5,0.0,0.833,4.5,4.4,5.0,5.0,8,7,0.92,sample_seed,sample_seed_public_rate_shape,"public quoted pricing context; not internal ADR, occupancy, revenue, margin, or comp policy"
2026-03-03,590,590,590,1.0,0,false,47,0.86,6,1,5,0.0,0.667,4.5,4.4,5.0,5.0,8,7,0.92,sample_seed,sample_seed_public_rate_shape,"public quoted pricing context; not internal ADR, occupancy, revenue, margin, or comp policy"
2026-03-04,580,595,590,0.975,0,false,46,0.86,6,1,5,0.0,0.333,4.5,4.4,5.0,5.0,8,7,0.92,sample_seed,sample_seed_public_rate_shape,"public quoted pricing context; not internal ADR, occupancy, revenue, margin, or comp policy"
2026-03-05,620,655,638,0.947,0,false,50,0.86,6,1,5,0.0,0.667,4.5,4.4,5.0,5.0,8,7,0.92,sample_seed,sample_seed_public_rate_shape,"public quoted pricing context; not internal ADR, occupancy, revenue, margin, or comp policy"
2026-03-06,775,730,742,1.062,0.613,false,166,1.133,6,1,5,0.0,1.0,4.5,4.4,5.0,5.0,8,7,0.92,sample_seed,sample_seed_public_rate_shape,"public quoted pricing context; not internal ADR, occupancy, revenue, margin, or comp policy"
2026-03-07,725,675,700,1.074,0.415,false,124,1.053,6,1,5,0.0,1.0,4.5,4.4,5.0,5.0,8,7,0.92,sample_seed,sample_seed_public_rate_shape,"public quoted pricing context; not internal ADR, occupancy, revenue, margin, or comp policy"
2026-03-08,780,765,765,1.02,0.632,false,171,1.131,6,1,5,0.0,0.833,4.5,4.4,5.0,5.0,8,7,0.92,sample_seed,sample_seed_public_rate_shape,"public quoted pricing context; not internal ADR, occupancy, revenue, margin, or comp policy"
2026-03-09,585,625,612,0.936,0,false,47,0.86,6,1,5,0.0,0.5,4.5,4.4,5.0,5.0,8,7,0.92,sample_seed,sample_seed_public_rate_shape,"public quoted pricing context; not internal ADR, occupancy, revenue, margin, or comp policy"
2026-03-10,655,675,670,0.97,0.138,false,72,0.918,6,1,5,0.0,1.0,4.5,4.4,5.0,5.0,8,7,0.92,sample_seed,sample_seed_public_rate_shape,"public quoted pricing context; not internal ADR, occupancy, revenue, margin, or comp policy"
2026-03-11,575,555,565,1.036,0,false,46,0.869,6,1,5,0.0,0.667,4.5,4.4,5.0,5.0,8,7,0.92,sample_seed,sample_seed_public_rate_shape,"public quoted pricing context; not internal ADR, occupancy, revenue, margin, or comp policy"
2026-03-12,670,650,660,1.031,0.198,false,83,0.951,6,1,5,0.0,0.833,4.5,4.4,5.0,5.0,8,7,0.92,sample_seed,sample_seed_public_rate_shape,"public quoted pricing context; not internal ADR, occupancy, revenue, margin, or comp policy"
2026-03-13,785,730,742,1.075,0.652,false,175,1.153,6,1,5,0.0,0.833,4.5,4.4,5.0,5.0,8,7,0.92,sample_seed,sample_seed_public_rate_shape,"public quoted pricing context; not internal ADR, occupancy, revenue, margin, or comp policy"
2026-03-14,765,745,755,1.027,0.573,false,158,1.107,6,1,5,0.0,1.0,4.5,4.4,5.0,5.0,8,7,0.92,sample_seed,sample_seed_public_rate_shape,"public quoted pricing context; not internal ADR, occupancy, revenue, margin, or comp policy"
2026-03-15,780,760,770,1.026,0.632,false,171,1.132,6,1,5,0.167,0.833,4.5,4.4,5.0,5.0,8,7,0.92,sample_seed,sample_seed_public_rate_shape,"public quoted pricing context; not internal ADR, occupancy, revenue, margin, or comp policy"
2026-03-16,645,635,640,1.016,0.099,false,66,0.906,6,1,5,0.0,0.5,4.5,4.4,5.0,5.0,8,7,0.92,sample_seed,sample_seed_public_rate_shape,"public quoted pricing context; not internal ADR, occupancy, revenue, margin, or comp policy"
2026-03-17,570,590,580,0.966,0,false,46,0.86,6,1,5,0.0,0.833,4.5,4.4,5.0,5.0,8,7,0.92,sample_seed,sample_seed_public_rate_shape,"public quoted pricing context; not internal ADR, occupancy, revenue, margin, or comp policy"
2026-03-18,775,760,768,1.02,0.613,false,166,1.122,6,1,5,0.0,0.667,4.5,4.4,5.0,5.0,8,7,0.92,sample_seed,sample_seed_public_rate_shape,"public quoted pricing context; not internal ADR, occupancy, revenue, margin, or comp policy"
2026-03-19,660,645,652,1.023,0.158,false,76,0.932,6,1,5,0.0,0.667,4.5,4.4,5.0,5.0,8,7,0.92,sample_seed,sample_seed_public_rate_shape,"public quoted pricing context; not internal ADR, occupancy, revenue, margin, or comp policy"
2026-03-20,775,750,752,1.033,0.613,false,166,1.126,6,1,5,0.0,0.667,4.5,4.4,5.0,5.0,8,7,0.92,sample_seed,sample_seed_public_rate_shape,"public quoted pricing context; not internal ADR, occupancy, revenue, margin, or comp policy"
2026-03-21,695,670,682,1.037,0.296,false,101,0.994,6,1,5,0.0,0.667,4.5,4.4,5.0,5.0,8,7,0.92,sample_seed,sample_seed_public_rate_shape,"public quoted pricing context; not internal ADR, occupancy, revenue, margin, or comp policy"
2026-03-22,750,745,748,1.007,0.514,false,145,1.078,6,1,5,0.0,1.0,4.5,4.4,5.0,5.0,8,7,0.92,sample_seed,sample_seed_public_rate_shape,"public quoted pricing context; not internal ADR, occupancy, revenue, margin, or comp policy"
2026-03-23,655,595,598,1.101,0.138,false,72,0.943,6,1,5,0.0,0.667,4.5,4.4,5.0,5.0,8,7,0.92,sample_seed,sample_seed_public_rate_shape,"public quoted pricing context; not internal ADR, occupancy, revenue, margin, or comp policy"
2026-03-24,715,660,668,1.083,0.375,false,116,1.038,6,1,5,0.0,0.667,4.5,4.4,5.0,5.0,8,7,0.92,sample_seed,sample_seed_public_rate_shape,"public quoted pricing context; not internal ADR, occupancy, revenue, margin, or comp policy"
2026-03-25,655,630,642,1.04,0.138,false,72,0.928,6,1,5,0.0,0.833,4.5,4.4,5.0,5.0,8,7,0.92,sample_seed,sample_seed_public_rate_shape,"public quoted pricing context; not internal ADR, occupancy, revenue, margin, or comp policy"
2026-03-26,690,680,685,1.015,0.277,false,97,0.98,6,1,5,0.0,0.833,4.5,4.4,5.0,5.0,8,7,0.92,sample_seed,sample_seed_public_rate_shape,"public quoted pricing context; not internal ADR, occupancy, revenue, margin, or comp policy"
2026-03-27,810,760,768,1.066,0.751,true,199,1.192,6,1,5,0.0,0.667,4.5,4.4,5.0,5.0,8,7,0.92,sample_seed,sample_seed_public_rate_shape,"public quoted pricing context; not internal ADR, occupancy, revenue, margin, or comp policy"
2026-03-28,740,785,778,0.943,0.474,false,136,1.059,6,1,5,0.167,0.5,4.5,4.4,5.0,5.0,8,7,0.92,sample_seed,sample_seed_public_rate_shape,"public quoted pricing context; not internal ADR, occupancy, revenue, margin, or comp policy"
2026-03-29,760,735,738,1.034,0.553,false,153,1.101,6,1,5,0.167,0.5,4.5,4.4,5.0,5.0,8,7,0.92,sample_seed,sample_seed_public_rate_shape,"public quoted pricing context; not internal ADR, occupancy, revenue, margin, or comp policy"
2026-03-30,690,695,692,0.993,0.277,false,97,0.976,6,1,5,0.0,0.667,4.5,4.4,5.0,5.0,8,7,0.92,sample_seed,sample_seed_public_rate_shape,"public quoted pricing context; not internal ADR, occupancy, revenue, margin, or comp policy"
2026-03-31,660,630,632,1.048,0.158,false,76,0.938,6,1,5,0.0,0.833,4.5,4.4,5.0,5.0,8,7,0.92,sample_seed,sample_seed_public_rate_shape,"public quoted pricing context; not internal ADR, occupancy, revenue, margin, or comp policy"
2026-04-01,595,675,658,0.881,0,false,48,0.86,6,1,5,0.0,0.667,4.5,4.4,5.0,5.0,8,7,0.92,sample_seed,sample_seed_public_rate_shape,"public quoted pricing context; not internal ADR, occupancy, revenue, margin, or comp policy"
2026-04-02,705,670,672,1.052,0.336,false,109,1.014,6,1,5,0.0,0.667,4.5,4.4,5.0,5.0,8,7,0.92,sample_seed,sample_seed_public_rate_shape,"public quoted pricing context; not internal ADR, occupancy, revenue, margin, or comp policy"
2026-04-03,760,745,750,1.02,0.553,false,153,1.097,6,1,5,0.167,0.833,4.5,4.4,5.0,5.0,8,7,0.92,sample_seed,sample_seed_public_rate_shape,"public quoted pricing context; not internal ADR, occupancy, revenue, margin, or comp policy"
2026-04-04,735,735,735,1.0,0.455,false,132,1.051,6,1,5,0.0,0.667,4.5,4.4,5.0,5.0,8,7,0.92,sample_seed,sample_seed_public_rate_shape,"public quoted pricing context; not internal ADR, occupancy, revenue, margin, or comp policy"
2026-04-05,760,765,762,0.993,0.553,false,153,1.092,6,1,5,0.167,0.5,4.5,4.4,5.0,5.0,8,7,0.92,sample_seed,sample_seed_public_rate_shape,"public quoted pricing context; not internal ADR, occupancy, revenue, margin, or comp policy"
2026-04-06,575,555,565,1.036,0,false,46,0.869,6,1,5,0.0,0.5,4.5,4.4,5.0,5.0,8,7,0.92,sample_seed,sample_seed_public_rate_shape,"public quoted pricing context; not internal ADR, occupancy, revenue, margin, or comp policy"
2026-04-07,635,560,572,1.134,0.059,false,59,0.918,6,1,5,0.0,0.667,4.5,4.4,5.0,5.0,8,7,0.92,sample_seed,sample_seed_public_rate_shape,"public quoted pricing context; not internal ADR, occupancy, revenue, margin, or comp policy"
2026-04-08,625,690,658,0.906,0.02,false,53,0.868,6,1,5,0.0,0.5,4.5,4.4,5.0,5.0,8,7,0.92,sample_seed,sample_seed_public_rate_shape,"public quoted pricing context; not internal ADR, occupancy, revenue, margin, or comp policy"
2026-04-09,560,580,570,0.966,0,false,45,0.86,6,1,5,0.0,0.833,4.5,4.4,5.0,5.0,8,7,0.92,sample_seed,sample_seed_public_rate_shape,"public quoted pricing context; not internal ADR, occupancy, revenue, margin, or comp policy"
2026-04-10,770,700,720,1.1,0.593,false,162,1.134,6,1,5,0.0,0.333,4.5,4.4,5.0,5.0,8,7,0.92,sample_seed,sample_seed_public_rate_shape,"public quoted pricing context; not internal ADR, occupancy, revenue, margin, or comp policy"
2026-04-11,670,720,695,0.931,0.198,false,83,0.943,6,1,5,0.0,0.5,4.5,4.4,5.0,5.0,8,7,0.92,sample_seed,sample_seed_public_rate_shape,"public quoted pricing context; not internal ADR, occupancy, revenue, margin, or comp policy"
2026-04-12,695,670,682,1.037,0.296,false,101,0.994,6,1,5,0.167,0.5,4.5,4.4,5.0,5.0,8,7,0.92,sample_seed,sample_seed_public_rate_shape,"public quoted pricing context; not internal ADR, occupancy, revenue, margin, or comp policy"
2026-04-13,635,565,580,1.124,0.059,false,59,0.916,6,1,5,0.0,0.333,4.5,4.4,5.0,5.0,8,7,0.92,sample_seed,sample_seed_public_rate_shape,"public quoted pricing context; not internal ADR, occupancy, revenue, margin, or comp policy"
2026-04-14,575,575,575,1.0,0,false,46,0.86,6,1,5,0.0,0.5,4.5,4.4,5.0,5.0,8,7,0.92,sample_seed,sample_seed_public_rate_shape,"public quoted pricing context; not internal ADR, occupancy, revenue, margin, or comp policy"
2026-04-15,675,605,610,1.116,0.217,false,86,0.98,6,1,5,0.0,1.0,4.5,4.4,5.0,5.0,8,7,0.92,sample_seed,sample_seed_public_rate_shape,"public quoted pricing context; not internal ADR, occupancy, revenue, margin, or comp policy"
2026-04-16,735,725,730,1.014,0.455,false,132,1.054,6,1,5,0.0,0.667,4.5,4.4,5.0,5.0,8,7,0.92,sample_seed,sample_seed_public_rate_shape,"public quoted pricing context; not internal ADR, occupancy, revenue, margin, or comp policy"
2026-04-17,785,745,752,1.054,0.652,false,175,1.147,6,1,5,0.167,0.833,4.5,4.4,5.0,5.0,8,7,0.92,sample_seed,sample_seed_public_rate_shape,"public quoted pricing context; not internal ADR, occupancy, revenue, margin, or comp policy"
2026-04-18,810,755,782,1.073,0.751,true,199,1.194,6,1,5,0.333,0.5,4.5,4.4,5.0,5.0,8,7,0.92,sample_seed,sample_seed_public_rate_shape,"public quoted pricing context; not internal ADR, occupancy, revenue, margin, or comp policy"
2026-04-19,720,680,700,1.059,0.395,false,120,1.041,6,1,5,0.0,0.667,4.5,4.4,5.0,5.0,8,7,0.92,sample_seed,sample_seed_public_rate_shape,"public quoted pricing context; not internal ADR, occupancy, revenue, margin, or comp policy"
2026-04-20,660,695,678,0.95,0.158,false,76,0.926,6,1,5,0.0,0.833,4.5,4.4,5.0,5.0,8,7,0.92,sample_seed,sample_seed_public_rate_shape,"public quoted pricing context; not internal ADR, occupancy, revenue, margin, or comp policy"
2026-04-21,650,635,642,1.024,0.119,false,69,0.916,6,1,5,0.0,0.667,4.5,4.4,5.0,5.0,8,7,0.92,sample_seed,sample_seed_public_rate_shape,"public quoted pricing context; not internal ADR, occupancy, revenue, margin, or comp policy"
2026-04-22,635,630,632,1.008,0.059,false,59,0.887,6,1,5,0.0,0.833,4.5,4.4,5.0,5.0,8,7,0.92,sample_seed,sample_seed_public_rate_shape,"public quoted pricing context; not internal ADR, occupancy, revenue, margin, or comp policy"
2026-04-23,615,695,682,0.885,0,false,49,0.86,6,1,5,0.0,0.667,4.5,4.4,5.0,5.0,8,7,0.92,sample_seed,sample_seed_public_rate_shape,"public quoted pricing context; not internal ADR, occupancy, revenue, margin, or comp policy"
2026-04-24,805,770,788,1.045,0.731,true,194,1.178,6,1,5,0.167,0.833,4.5,4.4,5.0,5.0,8,7,0.92,sample_seed,sample_seed_public_rate_shape,"public quoted pricing context; not internal ADR, occupancy, revenue, margin, or comp policy"
2026-04-25,885,855,870,1.035,1,true,266,1.289,6,1,5,0.667,0.833,4.5,4.4,5.0,5.0,8,7,0.92,sample_seed,sample_seed_public_rate_shape,"public quoted pricing context; not internal ADR, occupancy, revenue, margin, or comp policy"
2026-04-26,740,750,745,0.987,0.474,false,136,1.059,6,1,5,0.0,0.5,4.5,4.4,5.0,5.0,8,7,0.92,sample_seed,sample_seed_public_rate_shape,"public quoted pricing context; not internal ADR, occupancy, revenue, margin, or comp policy"
2026-04-27,685,670,675,1.022,0.257,false,94,0.973,6,1,5,0.0,0.833,4.5,4.4,5.0,5.0,8,7,0.92,sample_seed,sample_seed_public_rate_shape,"public quoted pricing context; not internal ADR, occupancy, revenue, margin, or comp policy"
2026-04-28,705,675,682,1.044,0.336,false,109,1.012,6,1,5,0.0,0.5,4.5,4.4,5.0,5.0,8,7,0.92,sample_seed,sample_seed_public_rate_shape,"public quoted pricing context; not internal ADR, occupancy, revenue, margin, or comp policy"
2026-04-29,665,675,670,0.985,0.178,false,79,0.935,6,1,5,0.0,1.0,4.5,4.4,5.0,5.0,8,7,0.92,sample_seed,sample_seed_public_rate_shape,"public quoted pricing context; not internal ADR, occupancy, revenue, margin, or comp policy"
2026-04-30,665,665,665,1.0,0.178,false,79,0.935,6,1,5,0.0,0.667,4.5,4.4,5.0,5.0,8,7,0.92,sample_seed,sample_seed_public_rate_shape,"public quoted pricing context; not internal ADR, occupancy, revenue, margin, or comp policy"
2026-05-01,860,920,890,0.935,0.949,true,248,1.258,6,1,5,0.833,1.0,4.5,4.4,5.0,5.0,8,7,0.92,sample_seed,sample_seed_public_rate_shape,"public quoted pricing context; not internal ADR, occupancy, revenue, margin, or comp policy"
2026-05-02,805,805,805,1.0,0.731,true,194,1.167,6,1,5,0.333,0.667,4.5,4.4,5.0,5.0,8,7,0.92,sample_seed,sample_seed_public_rate_shape,"public quoted pricing context; not internal ADR, occupancy, revenue, margin, or comp policy"
2026-05-03,900,865,882,1.04,1,true,270,1.29,6,1,5,0.833,0.667,4.5,4.4,5.0,5.0,8,7,0.92,sample_seed,sample_seed_public_rate_shape,"public quoted pricing context; not internal ADR, occupancy, revenue, margin, or comp policy"
2026-05-04,855,760,808,1.125,0.929,true,243,1.281,6,1,5,0.0,0.333,4.5,4.4,5.0,5.0,8,7,0.92,sample_seed,sample_seed_public_rate_shape,"public quoted pricing context; not internal ADR, occupancy, revenue, margin, or comp policy"
2026-05-05,825,805,815,1.025,0.81,true,213,1.207,6,1,5,0.0,0.667,4.5,4.4,5.0,5.0,8,7,0.92,sample_seed,sample_seed_public_rate_shape,"public quoted pricing context; not internal ADR, occupancy, revenue, margin, or comp policy"
2026-05-06,780,750,760,1.04,0.632,false,171,1.136,6,1,5,0.0,0.667,4.5,4.4,5.0,5.0,8,7,0.92,sample_seed,sample_seed_public_rate_shape,"public quoted pricing context; not internal ADR, occupancy, revenue, margin, or comp policy"
2026-05-07,810,660,712,1.227,0.751,true,199,1.232,6,1,5,0.0,0.833,4.5,4.4,5.0,5.0,8,7,0.92,sample_seed,sample_seed_public_rate_shape,"public quoted pricing context; not internal ADR, occupancy, revenue, margin, or comp policy"
2026-05-08,880,860,865,1.023,1,true,264,1.286,6,1,5,0.833,0.833,4.5,4.4,5.0,5.0,8,7,0.92,sample_seed,sample_seed_public_rate_shape,"public quoted pricing context; not internal ADR, occupancy, revenue, margin, or comp policy"
2026-05-09,875,845,860,1.036,1,true,262,1.289,6,1,5,0.833,1.0,4.5,4.4,5.0,5.0,8,7,0.92,sample_seed,sample_seed_public_rate_shape,"public quoted pricing context; not internal ADR, occupancy, revenue, margin, or comp policy"
2026-05-10,790,800,795,0.988,0.672,false,180,1.142,6,1,5,0.333,0.833,4.5,4.4,5.0,5.0,8,7,0.92,sample_seed,sample_seed_public_rate_shape,"public quoted pricing context; not internal ADR, occupancy, revenue, margin, or comp policy"
2026-05-11,780,770,775,1.013,0.632,false,171,1.129,6,1,5,0.0,0.833,4.5,4.4,5.0,5.0,8,7,0.92,sample_seed,sample_seed_public_rate_shape,"public quoted pricing context; not internal ADR, occupancy, revenue, margin, or comp policy"
2026-05-12,765,710,738,1.077,0.573,false,158,1.12,6,1,5,0.0,0.667,4.5,4.4,5.0,5.0,8,7,0.92,sample_seed,sample_seed_public_rate_shape,"public quoted pricing context; not internal ADR, occupancy, revenue, margin, or comp policy"
2026-05-13,750,775,762,0.968,0.514,false,145,1.076,6,1,5,0.0,0.5,4.5,4.4,5.0,5.0,8,7,0.92,sample_seed,sample_seed_public_rate_shape,"public quoted pricing context; not internal ADR, occupancy, revenue, margin, or comp policy"
2026-05-14,830,785,800,1.057,0.83,true,218,1.223,6,1,5,0.0,0.5,4.5,4.4,5.0,5.0,8,7,0.92,sample_seed,sample_seed_public_rate_shape,"public quoted pricing context; not internal ADR, occupancy, revenue, margin, or comp policy"
2026-05-15,900,910,905,0.989,1,true,270,1.28,6,1,5,0.833,0.667,4.5,4.4,5.0,5.0,8,7,0.92,sample_seed,sample_seed_public_rate_shape,"public quoted pricing context; not internal ADR, occupancy, revenue, margin, or comp policy"
2026-05-16,875,895,892,0.978,1,true,262,1.28,6,1,5,0.833,0.5,4.5,4.4,5.0,5.0,8,7,0.92,sample_seed,sample_seed_public_rate_shape,"public quoted pricing context; not internal ADR, occupancy, revenue, margin, or comp policy"
2026-05-17,750,840,795,0.893,0.514,true,145,1.076,6,1,5,0.5,1.0,4.5,4.4,5.0,5.0,8,7,0.92,sample_seed,sample_seed_public_rate_shape,"public quoted pricing context; not internal ADR, occupancy, revenue, margin, or comp policy"
2026-05-18,680,735,708,0.925,0.237,false,90,0.96,6,1,5,0.0,0.667,4.5,4.4,5.0,5.0,8,7,0.92,sample_seed,sample_seed_public_rate_shape,"public quoted pricing context; not internal ADR, occupancy, revenue, margin, or comp policy"
2026-05-19,755,715,728,1.056,0.534,false,149,1.098,6,1,5,0.0,0.667,4.5,4.4,5.0,5.0,8,7,0.92,sample_seed,sample_seed_public_rate_shape,"public quoted pricing context; not internal ADR, occupancy, revenue, margin, or comp policy"
2026-05-20,740,775,758,0.955,0.474,false,136,1.059,6,1,5,0.0,0.667,4.5,4.4,5.0,5.0,8,7,0.92,sample_seed,sample_seed_public_rate_shape,"public quoted pricing context; not internal ADR, occupancy, revenue, margin, or comp policy"
2026-05-21,770,730,738,1.055,0.593,false,162,1.123,6,1,5,0.0,0.833,4.5,4.4,5.0,5.0,8,7,0.92,sample_seed,sample_seed_public_rate_shape,"public quoted pricing context; not internal ADR, occupancy, revenue, margin, or comp policy"
2026-05-22,980,955,962,1.026,1,true,294,1.286,6,1,5,0.833,0.833,4.5,4.4,5.0,5.0,8,7,0.92,sample_seed,sample_seed_public_rate_shape,"public quoted pricing context; not internal ADR, occupancy, revenue, margin, or comp policy"
2026-05-23,900,885,892,1.017,1,true,270,1.284,6,1,5,0.833,0.667,4.5,4.4,5.0,5.0,8,7,0.92,sample_seed,sample_seed_public_rate_shape,"public quoted pricing context; not internal ADR, occupancy, revenue, margin, or comp policy"
2026-05-24,885,870,878,1.017,1,true,266,1.284,6,1,5,0.833,1.0,4.5,4.4,5.0,5.0,8,7,0.92,sample_seed,sample_seed_public_rate_shape,"public quoted pricing context; not internal ADR, occupancy, revenue, margin, or comp policy"
2026-05-25,750,725,738,1.034,0.514,false,145,1.084,6,1,5,0.0,0.833,4.5,4.4,5.0,5.0,8,7,0.92,sample_seed,sample_seed_public_rate_shape,"public quoted pricing context; not internal ADR, occupancy, revenue, margin, or comp policy"
2026-05-26,670,690,690,0.971,0.198,false,83,0.943,6,1,5,0.0,1.0,4.5,4.4,5.0,5.0,8,7,0.92,sample_seed,sample_seed_public_rate_shape,"public quoted pricing context; not internal ADR, occupancy, revenue, margin, or comp policy"
2026-05-27,795,825,815,0.964,0.692,false,185,1.151,6,1,5,0.0,0.667,4.5,4.4,5.0,5.0,8,7,0.92,sample_seed,sample_seed_public_rate_shape,"public quoted pricing context; not internal ADR, occupancy, revenue, margin, or comp policy"
2026-05-28,725,735,730,0.986,0.415,false,124,1.034,6,1,5,0.0,0.667,4.5,4.4,5.0,5.0,8,7,0.92,sample_seed,sample_seed_public_rate_shape,"public quoted pricing context; not internal ADR, occupancy, revenue, margin, or comp policy"
2026-05-29,820,890,888,0.921,0.791,true,208,1.192,6,1,5,0.833,1.0,4.5,4.4,5.0,5.0,8,7,0.92,sample_seed,sample_seed_public_rate_shape,"public quoted pricing context; not internal ADR, occupancy, revenue, margin, or comp policy"
2026-05-30,895,875,885,1.023,1,true,268,1.286,6,1,5,0.833,0.667,4.5,4.4,5.0,5.0,8,7,0.92,sample_seed,sample_seed_public_rate_shape,"public quoted pricing context; not internal ADR, occupancy, revenue, margin, or comp policy"
2026-05-31,795,840,818,0.946,0.692,true,185,1.151,6,1,5,0.5,0.5,4.5,4.4,5.0,5.0,8,7,0.92,sample_seed,sample_seed_public_rate_shape,"public quoted pricing context; not internal ADR, occupancy, revenue, margin, or comp policy"
2026-06-01,760,720,740,1.056,0.553,false,153,1.106,6,1,5,0.0,0.833,4.5,4.4,5.0,5.0,8,7,0.92,sample_seed,sample_seed_public_rate_shape,"public quoted pricing context; not internal ADR, occupancy, revenue, margin, or comp policy"
2026-06-02,710,720,718,0.986,0.356,false,112,1.009,6,1,5,0.0,0.833,4.5,4.4,5.0,5.0,8,7,0.92,sample_seed,sample_seed_public_rate_shape,"public quoted pricing context; not internal ADR, occupancy, revenue, margin, or comp policy"
2026-06-03,890,790,840,1.127,1,true,267,1.312,6,1,5,0.0,0.333,4.5,4.4,5.0,5.0,8,7,0.92,sample_seed,sample_seed_public_rate_shape,"public quoted pricing context; not internal ADR, occupancy, revenue, margin, or comp policy"
2026-06-04,835,810,822,1.031,0.85,true,223,1.225,6,1,5,0.0,0.5,4.5,4.4,5.0,5.0,8,7,0.92,sample_seed,sample_seed_public_rate_shape,"public quoted pricing context; not internal ADR, occupancy, revenue, margin, or comp policy"
2026-06-05,945,915,920,1.033,1,true,284,1.288,6,1,5,0.667,0.667,4.5,4.4,5.0,5.0,8,7,0.92,sample_seed,sample_seed_public_rate_shape,"public quoted pricing context; not internal ADR, occupancy, revenue, margin, or comp policy"
2026-06-06,810,825,822,0.982,0.751,true,199,1.175,6,1,5,0.667,0.667,4.5,4.4,5.0,5.0,8,7,0.92,sample_seed,sample_seed_public_rate_shape,"public quoted pricing context; not internal ADR, occupancy, revenue, margin, or comp policy"
2026-06-07,905,865,885,1.046,1,true,272,1.292,6,1,5,0.833,0.5,4.5,4.4,5.0,5.0,8,7,0.92,sample_seed,sample_seed_public_rate_shape,"public quoted pricing context; not internal ADR, occupancy, revenue, margin, or comp policy"
2026-06-08,825,785,802,1.051,0.81,true,213,1.213,6,1,5,0.0,0.833,4.5,4.4,5.0,5.0,8,7,0.92,sample_seed,sample_seed_public_rate_shape,"public quoted pricing context; not internal ADR, occupancy, revenue, margin, or comp policy"
2026-06-09,775,775,775,1.0,0.613,false,166,1.117,6,1,5,0.0,0.833,4.5,4.4,5.0,5.0,8,7,0.92,sample_seed,sample_seed_public_rate_shape,"public quoted pricing context; not internal ADR, occupancy, revenue, margin, or comp policy"
2026-06-10,700,715,708,0.979,0.316,false,105,0.993,6,1,5,0.0,0.833,4.5,4.4,5.0,5.0,8,7,0.92,sample_seed,sample_seed_public_rate_shape,"public quoted pricing context; not internal ADR, occupancy, revenue, margin, or comp policy"
2026-06-11,690,705,705,0.979,0.277,false,97,0.976,6,1,5,0.0,0.667,4.5,4.4,5.0,5.0,8,7,0.92,sample_seed,sample_seed_public_rate_shape,"public quoted pricing context; not internal ADR, occupancy, revenue, margin, or comp policy"
2026-06-12,830,785,808,1.057,0.83,true,218,1.223,6,1,5,0.5,0.5,4.5,4.4,5.0,5.0,8,7,0.92,sample_seed,sample_seed_public_rate_shape,"public quoted pricing context; not internal ADR, occupancy, revenue, margin, or comp policy"
2026-06-13,845,795,820,1.063,0.889,true,233,1.249,6,1,5,0.5,1.0,4.5,4.4,5.0,5.0,8,7,0.92,sample_seed,sample_seed_public_rate_shape,"public quoted pricing context; not internal ADR, occupancy, revenue, margin, or comp policy"
2026-06-14,960,890,908,1.079,1,true,288,1.3,6,1,5,0.833,0.5,4.5,4.4,5.0,5.0,8,7,0.92,sample_seed,sample_seed_public_rate_shape,"public quoted pricing context; not internal ADR, occupancy, revenue, margin, or comp policy"
2026-06-15,850,800,808,1.062,0.909,true,238,1.257,6,1,5,0.0,0.667,4.5,4.4,5.0,5.0,8,7,0.92,sample_seed,sample_seed_public_rate_shape,"public quoted pricing context; not internal ADR, occupancy, revenue, margin, or comp policy"
2026-06-16,725,775,775,0.935,0.415,false,124,1.034,6,1,5,0.0,0.833,4.5,4.4,5.0,5.0,8,7,0.92,sample_seed,sample_seed_public_rate_shape,"public quoted pricing context; not internal ADR, occupancy, revenue, margin, or comp policy"
2026-06-17,685,715,705,0.958,0.257,false,94,0.968,6,1,5,0.0,1.0,4.5,4.4,5.0,5.0,8,7,0.92,sample_seed,sample_seed_public_rate_shape,"public quoted pricing context; not internal ADR, occupancy, revenue, margin, or comp policy"
2026-06-18,735,790,768,0.93,0.455,false,132,1.051,6,1,5,0.0,0.667,4.5,4.4,5.0,5.0,8,7,0.92,sample_seed,sample_seed_public_rate_shape,"public quoted pricing context; not internal ADR, occupancy, revenue, margin, or comp policy"
2026-06-19,780,770,775,1.013,0.632,false,171,1.129,6,1,5,0.167,0.833,4.5,4.4,5.0,5.0,8,7,0.92,sample_seed,sample_seed_public_rate_shape,"public quoted pricing context; not internal ADR, occupancy, revenue, margin, or comp policy"
2026-06-20,885,830,858,1.066,1,true,266,1.296,6,1,5,0.833,1.0,4.5,4.4,5.0,5.0,8,7,0.92,sample_seed,sample_seed_public_rate_shape,"public quoted pricing context; not internal ADR, occupancy, revenue, margin, or comp policy"
2026-06-21,870,820,822,1.061,0.988,true,259,1.29,6,1,5,0.667,1.0,4.5,4.4,5.0,5.0,8,7,0.92,sample_seed,sample_seed_public_rate_shape,"public quoted pricing context; not internal ADR, occupancy, revenue, margin, or comp policy"
2026-06-22,795,735,765,1.082,0.692,false,185,1.171,6,1,5,0.0,0.833,4.5,4.4,5.0,5.0,8,7,0.92,sample_seed,sample_seed_public_rate_shape,"public quoted pricing context; not internal ADR, occupancy, revenue, margin, or comp policy"
2026-06-23,795,790,792,1.006,0.692,false,185,1.152,6,1,5,0.0,0.333,4.5,4.4,5.0,5.0,8,7,0.92,sample_seed,sample_seed_public_rate_shape,"public quoted pricing context; not internal ADR, occupancy, revenue, margin, or comp policy"
2026-06-24,660,715,702,0.923,0.158,false,76,0.926,6,1,5,0.0,0.667,4.5,4.4,5.0,5.0,8,7,0.92,sample_seed,sample_seed_public_rate_shape,"public quoted pricing context; not internal ADR, occupancy, revenue, margin, or comp policy"
2026-06-25,775,745,758,1.04,0.613,false,166,1.127,6,1,5,0.0,0.5,4.5,4.4,5.0,5.0,8,7,0.92,sample_seed,sample_seed_public_rate_shape,"public quoted pricing context; not internal ADR, occupancy, revenue, margin, or comp policy"
2026-06-26,785,735,738,1.068,0.652,false,175,1.151,6,1,5,0.0,0.667,4.5,4.4,5.0,5.0,8,7,0.92,sample_seed,sample_seed_public_rate_shape,"public quoted pricing context; not internal ADR, occupancy, revenue, margin, or comp policy"
2026-06-27,915,905,910,1.011,1,true,274,1.283,6,1,5,0.833,0.667,4.5,4.4,5.0,5.0,8,7,0.92,sample_seed,sample_seed_public_rate_shape,"public quoted pricing context; not internal ADR, occupancy, revenue, margin, or comp policy"
2026-06-28,850,805,815,1.056,0.909,true,238,1.256,6,1,5,0.5,0.5,4.5,4.4,5.0,5.0,8,7,0.92,sample_seed,sample_seed_public_rate_shape,"public quoted pricing context; not internal ADR, occupancy, revenue, margin, or comp policy"
2026-06-29,835,835,835,1.0,0.85,true,223,1.217,6,1,5,0.0,0.667,4.5,4.4,5.0,5.0,8,7,0.92,sample_seed,sample_seed_public_rate_shape,"public quoted pricing context; not internal ADR, occupancy, revenue, margin, or comp policy"
2026-06-30,795,720,758,1.104,0.692,false,185,1.177,6,1,5,0.0,0.667,4.5,4.4,5.0,5.0,8,7,0.92,sample_seed,sample_seed_public_rate_shape,"public quoted pricing context; not internal ADR, occupancy, revenue, margin, or comp policy"
2026-07-01,725,675,680,1.074,0.415,false,124,1.053,6,1,5,0.0,0.833,4.5,4.4,5.0,5.0,8,7,0.92,sample_seed,sample_seed_public_rate_shape,"public quoted pricing context; not internal ADR, occupancy, revenue, margin, or comp policy"
2026-07-02,820,765,792,1.072,0.791,true,208,1.21,6,1,5,0.0,0.333,4.5,4.4,5.0,5.0,8,7,0.92,sample_seed,sample_seed_public_rate_shape,"public quoted pricing context; not internal ADR, occupancy, revenue, margin, or comp policy"
2026-07-03,910,945,930,0.963,1,true,273,1.28,6,1,5,0.833,0.833,4.5,4.4,5.0,5.0,8,7,0.92,sample_seed,sample_seed_public_rate_shape,"public quoted pricing context; not internal ADR, occupancy, revenue, margin, or comp policy"
2026-07-04,1025,960,962,1.068,1,true,308,1.297,6,1,5,0.833,0.667,4.5,4.4,5.0,5.0,8,7,0.92,sample_seed,sample_seed_public_rate_shape,"public quoted pricing context; not internal ADR, occupancy, revenue, margin, or comp policy"
2026-07-05,1035,1030,1032,1.005,1,true,310,1.281,6,1,5,1.0,0.5,4.5,4.4,5.0,5.0,8,7,0.92,sample_seed,sample_seed_public_rate_shape,"public quoted pricing context; not internal ADR, occupancy, revenue, margin, or comp policy"
2026-07-06,850,780,805,1.09,0.909,true,238,1.264,6,1,5,0.167,0.833,4.5,4.4,5.0,5.0,8,7,0.92,sample_seed,sample_seed_public_rate_shape,"public quoted pricing context; not internal ADR, occupancy, revenue, margin, or comp policy"
2026-07-07,775,740,745,1.047,0.613,false,166,1.129,6,1,5,0.0,0.833,4.5,4.4,5.0,5.0,8,7,0.92,sample_seed,sample_seed_public_rate_shape,"public quoted pricing context; not internal ADR, occupancy, revenue, margin, or comp policy"
2026-07-08,745,760,752,0.98,0.494,false,141,1.068,6,1,5,0.0,1.0,4.5,4.4,5.0,5.0,8,7,0.92,sample_seed,sample_seed_public_rate_shape,"public quoted pricing context; not internal ADR, occupancy, revenue, margin, or comp policy"
2026-07-09,725,665,695,1.09,0.415,false,124,1.057,6,1,5,0.0,0.667,4.5,4.4,5.0,5.0,8,7,0.92,sample_seed,sample_seed_public_rate_shape,"public quoted pricing context; not internal ADR, occupancy, revenue, margin, or comp policy"
2026-07-10,895,890,892,1.006,1,true,268,1.282,6,1,5,0.833,0.667,4.5,4.4,5.0,5.0,8,7,0.92,sample_seed,sample_seed_public_rate_shape,"public quoted pricing context; not internal ADR, occupancy, revenue, margin, or comp policy"
2026-07-11,810,755,765,1.073,0.751,true,199,1.194,6,1,5,0.167,0.5,4.5,4.4,5.0,5.0,8,7,0.92,sample_seed,sample_seed_public_rate_shape,"public quoted pricing context; not internal ADR, occupancy, revenue, margin, or comp policy"
2026-07-12,860,830,845,1.036,0.949,true,248,1.267,6,1,5,0.667,0.333,4.5,4.4,5.0,5.0,8,7,0.92,sample_seed,sample_seed_public_rate_shape,"public quoted pricing context; not internal ADR, occupancy, revenue, margin, or comp policy"
2026-07-13,815,785,800,1.038,0.771,true,203,1.193,6,1,5,0.0,0.667,4.5,4.4,5.0,5.0,8,7,0.92,sample_seed,sample_seed_public_rate_shape,"public quoted pricing context; not internal ADR, occupancy, revenue, margin, or comp policy"
2026-07-14,775,770,772,1.006,0.613,false,166,1.119,6,1,5,0.0,0.5,4.5,4.4,5.0,5.0,8,7,0.92,sample_seed,sample_seed_public_rate_shape,"public quoted pricing context; not internal ADR, occupancy, revenue, margin, or comp policy"
2026-07-15,795,800,798,0.994,0.692,false,185,1.151,6,1,5,0.0,0.667,4.5,4.4,5.0,5.0,8,7,0.92,sample_seed,sample_seed_public_rate_shape,"public quoted pricing context; not internal ADR, occupancy, revenue, margin, or comp policy"
2026-07-16,735,765,750,0.961,0.455,false,132,1.051,6,1,5,0.0,0.5,4.5,4.4,5.0,5.0,8,7,0.92,sample_seed,sample_seed_public_rate_shape,"public quoted pricing context; not internal ADR, occupancy, revenue, margin, or comp policy"
2026-07-17,780,770,775,1.013,0.632,false,171,1.129,6,1,5,0.333,0.667,4.5,4.4,5.0,5.0,8,7,0.92,sample_seed,sample_seed_public_rate_shape,"public quoted pricing context; not internal ADR, occupancy, revenue, margin, or comp policy"
2026-07-18,940,870,882,1.08,1,true,282,1.3,6,1,5,0.667,0.667,4.5,4.4,5.0,5.0,8,7,0.92,sample_seed,sample_seed_public_rate_shape,"public quoted pricing context; not internal ADR, occupancy, revenue, margin, or comp policy"
2026-07-19,825,815,820,1.012,0.81,true,213,1.203,6,1,5,0.5,0.667,4.5,4.4,5.0,5.0,8,7,0.92,sample_seed,sample_seed_public_rate_shape,"public quoted pricing context; not internal ADR, occupancy, revenue, margin, or comp policy"
2026-07-20,695,690,692,1.007,0.296,false,101,0.986,6,1,5,0.0,0.5,4.5,4.4,5.0,5.0,8,7,0.92,sample_seed,sample_seed_public_rate_shape,"public quoted pricing context; not internal ADR, occupancy, revenue, margin, or comp policy"
2026-07-21,770,725,748,1.062,0.593,false,162,1.125,6,1,5,0.0,0.833,4.5,4.4,5.0,5.0,8,7,0.92,sample_seed,sample_seed_public_rate_shape,"public quoted pricing context; not internal ADR, occupancy, revenue, margin, or comp policy"
2026-07-22,770,705,738,1.092,0.593,false,162,1.132,6,1,5,0.0,0.5,4.5,4.4,5.0,5.0,8,7,0.92,sample_seed,sample_seed_public_rate_shape,"public quoted pricing context; not internal ADR, occupancy, revenue, margin, or comp policy"
2026-07-23,760,710,735,1.07,0.553,false,153,1.11,6,1,5,0.0,0.833,4.5,4.4,5.0,5.0,8,7,0.92,sample_seed,sample_seed_public_rate_shape,"public quoted pricing context; not internal ADR, occupancy, revenue, margin, or comp policy"
2026-07-24,810,805,808,1.006,0.751,true,199,1.177,6,1,5,0.333,0.833,4.5,4.4,5.0,5.0,8,7,0.92,sample_seed,sample_seed_public_rate_shape,"public quoted pricing context; not internal ADR, occupancy, revenue, margin, or comp policy"
2026-07-25,1010,965,988,1.047,1,true,303,1.292,6,1,5,0.833,0.833,4.5,4.4,5.0,5.0,8,7,0.92,sample_seed,sample_seed_public_rate_shape,"public quoted pricing context; not internal ADR, occupancy, revenue, margin, or comp policy"
2026-07-26,935,870,892,1.075,1,true,280,1.299,6,1,5,0.833,0.5,4.5,4.4,5.0,5.0,8,7,0.92,sample_seed,sample_seed_public_rate_shape,"public quoted pricing context; not internal ADR, occupancy, revenue, margin, or comp policy"
2026-07-27,845,820,820,1.03,0.889,true,233,1.241,6,1,5,0.0,0.833,4.5,4.4,5.0,5.0,8,7,0.92,sample_seed,sample_seed_public_rate_shape,"public quoted pricing context; not internal ADR, occupancy, revenue, margin, or comp policy"
2026-07-28,715,650,682,1.1,0.375,false,116,1.043,6,1,5,0.0,0.5,4.5,4.4,5.0,5.0,8,7,0.92,sample_seed,sample_seed_public_rate_shape,"public quoted pricing context; not internal ADR, occupancy, revenue, margin, or comp policy"
2026-07-29,770,810,790,0.951,0.593,false,162,1.109,6,1,5,0.0,0.667,4.5,4.4,5.0,5.0,8,7,0.92,sample_seed,sample_seed_public_rate_shape,"public quoted pricing context; not internal ADR, occupancy, revenue, margin, or comp policy"
2026-07-30,710,695,702,1.022,0.356,false,112,1.015,6,1,5,0.0,0.667,4.5,4.4,5.0,5.0,8,7,0.92,sample_seed,sample_seed_public_rate_shape,"public quoted pricing context; not internal ADR, occupancy, revenue, margin, or comp policy"
2026-07-31,800,815,808,0.982,0.711,false,189,1.159,6,1,5,0.333,0.833,4.5,4.4,5.0,5.0,8,7,0.92,sample_seed,sample_seed_public_rate_shape,"public quoted pricing context; not internal ADR, occupancy, revenue, margin, or comp policy"
2026-08-01,800,795,798,1.006,0.711,false,189,1.16,6,1,5,0.167,0.833,4.5,4.4,5.0,5.0,8,7,0.92,sample_seed,sample_seed_public_rate_shape,"public quoted pricing context; not internal ADR, occupancy, revenue, margin, or comp policy"
2026-08-02,925,875,898,1.057,1,true,278,1.294,6,1,5,0.833,0.833,4.5,4.4,5.0,5.0,8,7,0.92,sample_seed,sample_seed_public_rate_shape,"public quoted pricing context; not internal ADR, occupancy, revenue, margin, or comp policy"
2026-08-03,820,830,825,0.988,0.791,true,208,1.192,6,1,5,0.167,1.0,4.5,4.4,5.0,5.0,8,7,0.92,sample_seed,sample_seed_public_rate_shape,"public quoted pricing context; not internal ADR, occupancy, revenue, margin, or comp policy"
2026-08-04,780,780,780,1.0,0.632,false,171,1.126,6,1,5,0.0,0.833,4.5,4.4,5.0,5.0,8,7,0.92,sample_seed,sample_seed_public_rate_shape,"public quoted pricing context; not internal ADR, occupancy, revenue, margin, or comp policy"
2026-08-05,745,720,725,1.035,0.494,false,141,1.076,6,1,5,0.0,1.0,4.5,4.4,5.0,5.0,8,7,0.92,sample_seed,sample_seed_public_rate_shape,"public quoted pricing context; not internal ADR, occupancy, revenue, margin, or comp policy"
2026-08-06,720,760,740,0.947,0.395,false,120,1.026,6,1,5,0.0,0.833,4.5,4.4,5.0,5.0,8,7,0.92,sample_seed,sample_seed_public_rate_shape,"public quoted pricing context; not internal ADR, occupancy, revenue, margin, or comp policy"
2026-08-07,905,905,905,1.0,1,true,272,1.28,6,1,5,0.833,1.0,4.5,4.4,5.0,5.0,8,7,0.92,sample_seed,sample_seed_public_rate_shape,"public quoted pricing context; not internal ADR, occupancy, revenue, margin, or comp policy"
2026-08-08,895,890,892,1.006,1,true,268,1.282,6,1,5,0.833,1.0,4.5,4.4,5.0,5.0,8,7,0.92,sample_seed,sample_seed_public_rate_shape,"public quoted pricing context; not internal ADR, occupancy, revenue, margin, or comp policy"
2026-08-09,845,810,828,1.043,0.889,true,233,1.244,6,1,5,0.5,1.0,4.5,4.4,5.0,5.0,8,7,0.92,sample_seed,sample_seed_public_rate_shape,"public quoted pricing context; not internal ADR, occupancy, revenue, margin, or comp policy"
2026-08-10,725,780,752,0.929,0.415,false,124,1.034,6,1,5,0.0,0.5,4.5,4.4,5.0,5.0,8,7,0.92,sample_seed,sample_seed_public_rate_shape,"public quoted pricing context; not internal ADR, occupancy, revenue, margin, or comp policy"
2026-08-11,745,780,762,0.955,0.494,false,141,1.068,6,1,5,0.0,0.833,4.5,4.4,5.0,5.0,8,7,0.92,sample_seed,sample_seed_public_rate_shape,"public quoted pricing context; not internal ADR, occupancy, revenue, margin, or comp policy"
2026-08-12,780,705,718,1.106,0.632,false,171,1.152,6,1,5,0.0,0.833,4.5,4.4,5.0,5.0,8,7,0.92,sample_seed,sample_seed_public_rate_shape,"public quoted pricing context; not internal ADR, occupancy, revenue, margin, or comp policy"
2026-08-13,690,745,718,0.926,0.277,false,97,0.976,6,1,5,0.0,0.833,4.5,4.4,5.0,5.0,8,7,0.92,sample_seed,sample_seed_public_rate_shape,"public quoted pricing context; not internal ADR, occupancy, revenue, margin, or comp policy"
2026-08-14,875,900,888,0.972,1,true,262,1.28,6,1,5,0.833,0.833,4.5,4.4,5.0,5.0,8,7,0.92,sample_seed,sample_seed_public_rate_shape,"public quoted pricing context; not internal ADR, occupancy, revenue, margin, or comp policy"
2026-08-15,865,875,870,0.989,0.968,true,253,1.267,6,1,5,0.833,0.667,4.5,4.4,5.0,5.0,8,7,0.92,sample_seed,sample_seed_public_rate_shape,"public quoted pricing context; not internal ADR, occupancy, revenue, margin, or comp policy"
2026-08-16,965,925,945,1.043,1,true,290,1.291,6,1,5,0.833,0.833,4.5,4.4,5.0,5.0,8,7,0.92,sample_seed,sample_seed_public_rate_shape,"public quoted pricing context; not internal ADR, occupancy, revenue, margin, or comp policy"
2026-08-17,705,700,702,1.007,0.336,false,109,1.003,6,1,5,0.0,0.667,4.5,4.4,5.0,5.0,8,7,0.92,sample_seed,sample_seed_public_rate_shape,"public quoted pricing context; not internal ADR, occupancy, revenue, margin, or comp policy"
2026-08-18,735,815,802,0.902,0.455,false,132,1.051,6,1,5,0.167,0.833,4.5,4.4,5.0,5.0,8,7,0.92,sample_seed,sample_seed_public_rate_shape,"public quoted pricing context; not internal ADR, occupancy, revenue, margin, or comp policy"
2026-08-19,775,780,778,0.994,0.613,false,166,1.117,6,1,5,0.0,0.167,4.5,4.4,5.0,5.0,8,7,0.92,sample_seed,sample_seed_public_rate_shape,"public quoted pricing context; not internal ADR, occupancy, revenue, margin, or comp policy"
2026-08-20,765,685,725,1.117,0.573,false,158,1.13,6,1,5,0.0,0.833,4.5,4.4,5.0,5.0,8,7,0.92,sample_seed,sample_seed_public_rate_shape,"public quoted pricing context; not internal ADR, occupancy, revenue, margin, or comp policy"
2026-08-21,800,720,760,1.111,0.711,false,189,1.187,6,1,5,0.167,0.667,4.5,4.4,5.0,5.0,8,7,0.92,sample_seed,sample_seed_public_rate_shape,"public quoted pricing context; not internal ADR, occupancy, revenue, margin, or comp policy"
2026-08-22,845,895,885,0.944,0.889,true,233,1.234,6,1,5,0.833,0.667,4.5,4.4,5.0,5.0,8,7,0.92,sample_seed,sample_seed_public_rate_shape,"public quoted pricing context; not internal ADR, occupancy, revenue, margin, or comp policy"
2026-08-23,900,930,915,0.968,1,true,270,1.28,6,1,5,0.833,0.833,4.5,4.4,5.0,5.0,8,7,0.92,sample_seed,sample_seed_public_rate_shape,"public quoted pricing context; not internal ADR, occupancy, revenue, margin, or comp policy"
2026-08-24,735,710,722,1.035,0.455,false,132,1.06,6,1,5,0.0,0.833,4.5,4.4,5.0,5.0,8,7,0.92,sample_seed,sample_seed_public_rate_shape,"public quoted pricing context; not internal ADR, occupancy, revenue, margin, or comp policy"
2026-08-25,760,735,748,1.034,0.553,false,153,1.101,6,1,5,0.0,0.667,4.5,4.4,5.0,5.0,8,7,0.92,sample_seed,sample_seed_public_rate_shape,"public quoted pricing context; not internal ADR, occupancy, revenue, margin, or comp policy"
2026-08-26,805,775,785,1.039,0.731,true,194,1.177,6,1,5,0.0,0.667,4.5,4.4,5.0,5.0,8,7,0.92,sample_seed,sample_seed_public_rate_shape,"public quoted pricing context; not internal ADR, occupancy, revenue, margin, or comp policy"
2026-08-27,720,715,718,1.007,0.395,false,120,1.028,6,1,5,0.0,1.0,4.5,4.4,5.0,5.0,8,7,0.92,sample_seed,sample_seed_public_rate_shape,"public quoted pricing context; not internal ADR, occupancy, revenue, margin, or comp policy"
2026-08-28,900,815,840,1.104,1,true,270,1.306,6,1,5,0.5,0.667,4.5,4.4,5.0,5.0,8,7,0.92,sample_seed,sample_seed_public_rate_shape,"public quoted pricing context; not internal ADR, occupancy, revenue, margin, or comp policy"
2026-08-29,840,850,845,0.988,0.87,true,228,1.225,6,1,5,0.667,0.833,4.5,4.4,5.0,5.0,8,7,0.92,sample_seed,sample_seed_public_rate_shape,"public quoted pricing context; not internal ADR, occupancy, revenue, margin, or comp policy"
2026-08-30,765,820,818,0.933,0.573,true,158,1.101,6,1,5,0.5,0.833,4.5,4.4,5.0,5.0,8,7,0.92,sample_seed,sample_seed_public_rate_shape,"public quoted pricing context; not internal ADR, occupancy, revenue, margin, or comp policy"
2026-08-31,825,745,785,1.107,0.81,true,213,1.227,6,1,5,0.0,0.667,4.5,4.4,5.0,5.0,8,7,0.92,sample_seed,sample_seed_public_rate_shape,"public quoted pricing context; not internal ADR, occupancy, revenue, margin, or comp policy"
2026-09-01,810,680,710,1.191,0.751,true,199,1.223,6,1,5,0.0,1.0,4.5,4.4,5.0,5.0,8,7,0.92,sample_seed,sample_seed_public_rate_shape,"public quoted pricing context; not internal ADR, occupancy, revenue, margin, or comp policy"
2026-09-02,695,715,705,0.972,0.296,false,101,0.985,6,1,5,0.0,0.833,4.5,4.4,5.0,5.0,8,7,0.92,sample_seed,sample_seed_public_rate_shape,"public quoted pricing context; not internal ADR, occupancy, revenue, margin, or comp policy"
2026-09-03,725,765,745,0.948,0.415,false,124,1.034,6,1,5,0.0,0.5,4.5,4.4,5.0,5.0,8,7,0.92,sample_seed,sample_seed_public_rate_shape,"public quoted pricing context; not internal ADR, occupancy, revenue, margin, or comp policy"
2026-09-04,680,700,690,0.971,0.237,false,90,0.96,6,1,5,0.0,0.5,4.5,4.4,5.0,5.0,8,7,0.92,sample_seed,sample_seed_public_rate_shape,"public quoted pricing context; not internal ADR, occupancy, revenue, margin, or comp policy"
2026-09-05,785,800,792,0.981,0.652,false,175,1.134,6,1,5,0.333,0.667,4.5,4.4,5.0,5.0,8,7,0.92,sample_seed,sample_seed_public_rate_shape,"public quoted pricing context; not internal ADR, occupancy, revenue, margin, or comp policy"
2026-09-06,845,865,855,0.977,0.889,true,233,1.234,6,1,5,0.833,0.167,4.5,4.4,5.0,5.0,8,7,0.92,sample_seed,sample_seed_public_rate_shape,"public quoted pricing context; not internal ADR, occupancy, revenue, margin, or comp policy"
2026-09-07,750,695,722,1.079,0.514,false,145,1.096,6,1,5,0.0,0.5,4.5,4.4,5.0,5.0,8,7,0.92,sample_seed,sample_seed_public_rate_shape,"public quoted pricing context; not internal ADR, occupancy, revenue, margin, or comp policy"
2026-09-08,720,780,760,0.923,0.395,false,120,1.026,6,1,5,0.0,0.833,4.5,4.4,5.0,5.0,8,7,0.92,sample_seed,sample_seed_public_rate_shape,"public quoted pricing context; not internal ADR, occupancy, revenue, margin, or comp policy"
2026-09-09,665,705,700,0.943,0.178,false,79,0.935,6,1,5,0.0,0.5,4.5,4.4,5.0,5.0,8,7,0.92,sample_seed,sample_seed_public_rate_shape,"public quoted pricing context; not internal ADR, occupancy, revenue, margin, or comp policy"
2026-09-10,695,755,738,0.921,0.296,false,101,0.985,6,1,5,0.0,0.667,4.5,4.4,5.0,5.0,8,7,0.92,sample_seed,sample_seed_public_rate_shape,"public quoted pricing context; not internal ADR, occupancy, revenue, margin, or comp policy"
2026-09-11,775,785,780,0.987,0.613,false,166,1.117,6,1,5,0.167,1.0,4.5,4.4,5.0,5.0,8,7,0.92,sample_seed,sample_seed_public_rate_shape,"public quoted pricing context; not internal ADR, occupancy, revenue, margin, or comp policy"
2026-09-12,890,855,860,1.041,1,true,267,1.29,6,1,5,0.833,0.833,4.5,4.4,5.0,5.0,8,7,0.92,sample_seed,sample_seed_public_rate_shape,"public quoted pricing context; not internal ADR, occupancy, revenue, margin, or comp policy"
2026-09-13,815,800,808,1.019,0.771,true,203,1.188,6,1,5,0.333,0.333,4.5,4.4,5.0,5.0,8,7,0.92,sample_seed,sample_seed_public_rate_shape,"public quoted pricing context; not internal ADR, occupancy, revenue, margin, or comp policy"
2026-09-14,785,745,758,1.054,0.652,false,175,1.147,6,1,5,0.0,0.833,4.5,4.4,5.0,5.0,8,7,0.92,sample_seed,sample_seed_public_rate_shape,"public quoted pricing context; not internal ADR, occupancy, revenue, margin, or comp policy"
2026-09-15,845,830,838,1.018,0.889,true,233,1.238,6,1,5,0.167,0.667,4.5,4.4,5.0,5.0,8,7,0.92,sample_seed,sample_seed_public_rate_shape,"public quoted pricing context; not internal ADR, occupancy, revenue, margin, or comp policy"
2026-09-16,825,815,820,1.012,0.81,true,213,1.203,6,1,5,0.0,0.833,4.5,4.4,5.0,5.0,8,7,0.92,sample_seed,sample_seed_public_rate_shape,"public quoted pricing context; not internal ADR, occupancy, revenue, margin, or comp policy"
2026-09-17,800,775,785,1.032,0.711,false,189,1.167,6,1,5,0.0,0.667,4.5,4.4,5.0,5.0,8,7,0.92,sample_seed,sample_seed_public_rate_shape,"public quoted pricing context; not internal ADR, occupancy, revenue, margin, or comp policy"
2026-09-18,870,795,832,1.094,0.988,true,259,1.299,6,1,5,0.5,0.667,4.5,4.4,5.0,5.0,8,7,0.92,sample_seed,sample_seed_public_rate_shape,"public quoted pricing context; not internal ADR, occupancy, revenue, margin, or comp policy"
2026-09-19,875,880,878,0.994,1,true,262,1.28,6,1,5,0.833,0.833,4.5,4.4,5.0,5.0,8,7,0.92,sample_seed,sample_seed_public_rate_shape,"public quoted pricing context; not internal ADR, occupancy, revenue, margin, or comp policy"
2026-09-20,895,885,890,1.011,1,true,268,1.283,6,1,5,0.833,0.833,4.5,4.4,5.0,5.0,8,7,0.92,sample_seed,sample_seed_public_rate_shape,"public quoted pricing context; not internal ADR, occupancy, revenue, margin, or comp policy"
2026-09-21,720,760,740,0.947,0.395,false,120,1.026,6,1,5,0.0,0.833,4.5,4.4,5.0,5.0,8,7,0.92,sample_seed,sample_seed_public_rate_shape,"public quoted pricing context; not internal ADR, occupancy, revenue, margin, or comp policy"
2026-09-22,740,685,705,1.08,0.474,false,136,1.079,6,1,5,0.0,0.833,4.5,4.4,5.0,5.0,8,7,0.92,sample_seed,sample_seed_public_rate_shape,"public quoted pricing context; not internal ADR, occupancy, revenue, margin, or comp policy"
2026-09-23,780,745,758,1.047,0.632,false,171,1.137,6,1,5,0.0,0.833,4.5,4.4,5.0,5.0,8,7,0.92,sample_seed,sample_seed_public_rate_shape,"public quoted pricing context; not internal ADR, occupancy, revenue, margin, or comp policy"
2026-09-24,745,740,742,1.007,0.494,false,141,1.069,6,1,5,0.0,0.833,4.5,4.4,5.0,5.0,8,7,0.92,sample_seed,sample_seed_public_rate_shape,"public quoted pricing context; not internal ADR, occupancy, revenue, margin, or comp policy"
2026-09-25,825,805,815,1.025,0.81,true,213,1.207,6,1,5,0.5,0.667,4.5,4.4,5.0,5.0,8,7,0.92,sample_seed,sample_seed_public_rate_shape,"public quoted pricing context; not internal ADR, occupancy, revenue, margin, or comp policy"
2026-09-26,950,895,895,1.061,1,true,285,1.295,6,1,5,0.833,0.5,4.5,4.4,5.0,5.0,8,7,0.92,sample_seed,sample_seed_public_rate_shape,"public quoted pricing context; not internal ADR, occupancy, revenue, margin, or comp policy"
2026-09-27,890,810,822,1.099,1,true,267,1.305,6,1,5,0.5,0.667,4.5,4.4,5.0,5.0,8,7,0.92,sample_seed,sample_seed_public_rate_shape,"public quoted pricing context; not internal ADR, occupancy, revenue, margin, or comp policy"
2026-09-28,690,695,692,0.993,0.277,false,97,0.976,6,1,5,0.0,0.833,4.5,4.4,5.0,5.0,8,7,0.92,sample_seed,sample_seed_public_rate_shape,"public quoted pricing context; not internal ADR, occupancy, revenue, margin, or comp policy"
2026-09-29,725,745,735,0.973,0.415,false,124,1.034,6,1,5,0.0,0.833,4.5,4.4,5.0,5.0,8,7,0.92,sample_seed,sample_seed_public_rate_shape,"public quoted pricing context; not internal ADR, occupancy, revenue, margin, or comp policy"
2026-09-30,705,690,698,1.022,0.336,false,109,1.007,6,1,5,0.0,1.0,4.5,4.4,5.0,5.0,8,7,0.92,sample_seed,sample_seed_public_rate_shape,"public quoted pricing context; not internal ADR, occupancy, revenue, margin, or comp policy"
2026-10-01,595,640,620,0.93,0,false,48,0.86,6,1,5,0.0,0.833,4.5,4.4,5.0,5.0,8,7,0.92,sample_seed,sample_seed_public_rate_shape,"public quoted pricing context; not internal ADR, occupancy, revenue, margin, or comp policy"
2026-10-02,675,695,685,0.971,0.217,false,86,0.951,6,1,5,0.0,0.833,4.5,4.4,5.0,5.0,8,7,0.92,sample_seed,sample_seed_public_rate_shape,"public quoted pricing context; not internal ADR, occupancy, revenue, margin, or comp policy"
2026-10-03,795,770,772,1.032,0.692,false,185,1.159,6,1,5,0.167,1.0,4.5,4.4,5.0,5.0,8,7,0.92,sample_seed,sample_seed_public_rate_shape,"public quoted pricing context; not internal ADR, occupancy, revenue, margin, or comp policy"
2026-10-04,730,690,708,1.058,0.435,false,128,1.057,6,1,5,0.0,0.667,4.5,4.4,5.0,5.0,8,7,0.92,sample_seed,sample_seed_public_rate_shape,"public quoted pricing context; not internal ADR, occupancy, revenue, margin, or comp policy"
2026-10-05,600,610,605,0.984,0,false,48,0.86,6,1,5,0.0,0.667,4.5,4.4,5.0,5.0,8,7,0.92,sample_seed,sample_seed_public_rate_shape,"public quoted pricing context; not internal ADR, occupancy, revenue, margin, or comp policy"
2026-10-06,705,670,672,1.052,0.336,false,109,1.014,6,1,5,0.0,0.833,4.5,4.4,5.0,5.0,8,7,0.92,sample_seed,sample_seed_public_rate_shape,"public quoted pricing context; not internal ADR, occupancy, revenue, margin, or comp policy"
2026-10-07,620,625,622,0.992,0,false,50,0.86,6,1,5,0.0,0.667,4.5,4.4,5.0,5.0,8,7,0.92,sample_seed,sample_seed_public_rate_shape,"public quoted pricing context; not internal ADR, occupancy, revenue, margin, or comp policy"
2026-10-08,700,640,665,1.094,0.316,false,105,1.016,6,1,5,0.0,0.333,4.5,4.4,5.0,5.0,8,7,0.92,sample_seed,sample_seed_public_rate_shape,"public quoted pricing context; not internal ADR, occupancy, revenue, margin, or comp policy"
2026-10-09,725,695,710,1.043,0.415,false,124,1.045,6,1,5,0.167,0.5,4.5,4.4,5.0,5.0,8,7,0.92,sample_seed,sample_seed_public_rate_shape,"public quoted pricing context; not internal ADR, occupancy, revenue, margin, or comp policy"
2026-10-10,690,720,718,0.958,0.277,false,97,0.976,6,1,5,0.0,0.833,4.5,4.4,5.0,5.0,8,7,0.92,sample_seed,sample_seed_public_rate_shape,"public quoted pricing context; not internal ADR, occupancy, revenue, margin, or comp policy"
2026-10-11,760,710,735,1.07,0.553,false,153,1.11,6,1,5,0.167,0.833,4.5,4.4,5.0,5.0,8,7,0.92,sample_seed,sample_seed_public_rate_shape,"public quoted pricing context; not internal ADR, occupancy, revenue, margin, or comp policy"
2026-10-12,585,535,560,1.093,0,false,47,0.883,6,1,5,0.0,0.833,4.5,4.4,5.0,5.0,8,7,0.92,sample_seed,sample_seed_public_rate_shape,"public quoted pricing context; not internal ADR, occupancy, revenue, margin, or comp policy"
2026-10-13,635,570,590,1.114,0.059,false,59,0.913,6,1,5,0.0,0.833,4.5,4.4,5.0,5.0,8,7,0.92,sample_seed,sample_seed_public_rate_shape,"public quoted pricing context; not internal ADR, occupancy, revenue, margin, or comp policy"
2026-10-14,680,705,692,0.965,0.237,false,90,0.96,6,1,5,0.0,0.833,4.5,4.4,5.0,5.0,8,7,0.92,sample_seed,sample_seed_public_rate_shape,"public quoted pricing context; not internal ADR, occupancy, revenue, margin, or comp policy"
2026-10-15,600,585,592,1.026,0,false,48,0.867,6,1,5,0.0,0.667,4.5,4.4,5.0,5.0,8,7,0.92,sample_seed,sample_seed_public_rate_shape,"public quoted pricing context; not internal ADR, occupancy, revenue, margin, or comp policy"
2026-10-16,785,710,718,1.106,0.652,false,175,1.16,6,1,5,0.0,0.833,4.5,4.4,5.0,5.0,8,7,0.92,sample_seed,sample_seed_public_rate_shape,"public quoted pricing context; not internal ADR, occupancy, revenue, margin, or comp policy"
2026-10-17,735,715,720,1.028,0.455,false,132,1.058,6,1,5,0.0,0.833,4.5,4.4,5.0,5.0,8,7,0.92,sample_seed,sample_seed_public_rate_shape,"public quoted pricing context; not internal ADR, occupancy, revenue, margin, or comp policy"
2026-10-18,770,750,760,1.027,0.593,false,162,1.116,6,1,5,0.333,0.833,4.5,4.4,5.0,5.0,8,7,0.92,sample_seed,sample_seed_public_rate_shape,"public quoted pricing context; not internal ADR, occupancy, revenue, margin, or comp policy"
2026-10-19,595,635,615,0.937,0,false,48,0.86,6,1,5,0.0,0.667,4.5,4.4,5.0,5.0,8,7,0.92,sample_seed,sample_seed_public_rate_shape,"public quoted pricing context; not internal ADR, occupancy, revenue, margin, or comp policy"
2026-10-20,650,590,610,1.102,0.119,false,69,0.935,6,1,5,0.0,0.5,4.5,4.4,5.0,5.0,8,7,0.92,sample_seed,sample_seed_public_rate_shape,"public quoted pricing context; not internal ADR, occupancy, revenue, margin, or comp policy"
2026-10-21,630,660,658,0.955,0.04,false,56,0.877,6,1,5,0.0,0.667,4.5,4.4,5.0,5.0,8,7,0.92,sample_seed,sample_seed_public_rate_shape,"public quoted pricing context; not internal ADR, occupancy, revenue, margin, or comp policy"
2026-10-22,650,690,670,0.942,0.119,false,69,0.91,6,1,5,0.0,0.5,4.5,4.4,5.0,5.0,8,7,0.92,sample_seed,sample_seed_public_rate_shape,"public quoted pricing context; not internal ADR, occupancy, revenue, margin, or comp policy"
2026-10-23,800,800,800,1.0,0.711,false,189,1.159,6,1,5,0.333,0.667,4.5,4.4,5.0,5.0,8,7,0.92,sample_seed,sample_seed_public_rate_shape,"public quoted pricing context; not internal ADR, occupancy, revenue, margin, or comp policy"
2026-10-24,685,725,715,0.945,0.257,false,94,0.968,6,1,5,0.0,1.0,4.5,4.4,5.0,5.0,8,7,0.92,sample_seed,sample_seed_public_rate_shape,"public quoted pricing context; not internal ADR, occupancy, revenue, margin, or comp policy"
2026-10-25,785,785,785,1.0,0.652,false,175,1.134,6,1,5,0.333,0.5,4.5,4.4,5.0,5.0,8,7,0.92,sample_seed,sample_seed_public_rate_shape,"public quoted pricing context; not internal ADR, occupancy, revenue, margin, or comp policy"
2026-10-26,600,615,612,0.976,0,false,48,0.86,6,1,5,0.0,1.0,4.5,4.4,5.0,5.0,8,7,0.92,sample_seed,sample_seed_public_rate_shape,"public quoted pricing context; not internal ADR, occupancy, revenue, margin, or comp policy"
2026-10-27,655,650,652,1.008,0.138,false,72,0.92,6,1,5,0.0,0.5,4.5,4.4,5.0,5.0,8,7,0.92,sample_seed,sample_seed_public_rate_shape,"public quoted pricing context; not internal ADR, occupancy, revenue, margin, or comp policy"
2026-10-28,615,620,618,0.992,0,false,49,0.86,6,1,5,0.0,0.833,4.5,4.4,5.0,5.0,8,7,0.92,sample_seed,sample_seed_public_rate_shape,"public quoted pricing context; not internal ADR, occupancy, revenue, margin, or comp policy"
2026-10-29,685,670,678,1.022,0.257,false,94,0.973,6,1,5,0.0,1.0,4.5,4.4,5.0,5.0,8,7,0.92,sample_seed,sample_seed_public_rate_shape,"public quoted pricing context; not internal ADR, occupancy, revenue, margin, or comp policy"
2026-10-30,750,750,750,1.0,0.514,false,145,1.076,6,1,5,0.167,0.833,4.5,4.4,5.0,5.0,8,7,0.92,sample_seed,sample_seed_public_rate_shape,"public quoted pricing context; not internal ADR, occupancy, revenue, margin, or comp policy"
2026-10-31,755,655,678,1.153,0.534,false,149,1.122,6,1,5,0.0,0.333,4.5,4.4,5.0,5.0,8,7,0.92,sample_seed,sample_seed_public_rate_shape,"public quoted pricing context; not internal ADR, occupancy, revenue, margin, or comp policy"
2026-11-01,755,765,762,0.987,0.534,false,149,1.084,6,1,5,0.167,0.667,4.5,4.4,5.0,5.0,8,7,0.92,sample_seed,sample_seed_public_rate_shape,"public quoted pricing context; not internal ADR, occupancy, revenue, margin, or comp policy"
2026-11-02,740,640,650,1.156,0.474,false,136,1.098,6,1,5,0.0,0.833,4.5,4.4,5.0,5.0,8,7,0.92,sample_seed,sample_seed_public_rate_shape,"public quoted pricing context; not internal ADR, occupancy, revenue, margin, or comp policy"
2026-11-03,645,630,638,1.024,0.099,false,66,0.908,6,1,5,0.0,0.667,4.5,4.4,5.0,5.0,8,7,0.92,sample_seed,sample_seed_public_rate_shape,"public quoted pricing context; not internal ADR, occupancy, revenue, margin, or comp policy"
2026-11-04,640,640,640,1.0,0.079,false,62,0.893,6,1,5,0.0,0.833,4.5,4.4,5.0,5.0,8,7,0.92,sample_seed,sample_seed_public_rate_shape,"public quoted pricing context; not internal ADR, occupancy, revenue, margin, or comp policy"
2026-11-05,685,650,668,1.054,0.257,false,94,0.981,6,1,5,0.0,0.667,4.5,4.4,5.0,5.0,8,7,0.92,sample_seed,sample_seed_public_rate_shape,"public quoted pricing context; not internal ADR, occupancy, revenue, margin, or comp policy"
2026-11-06,695,710,702,0.979,0.296,false,101,0.985,6,1,5,0.0,0.667,4.5,4.4,5.0,5.0,8,7,0.92,sample_seed,sample_seed_public_rate_shape,"public quoted pricing context; not internal ADR, occupancy, revenue, margin, or comp policy"
2026-11-07,785,695,720,1.129,0.652,false,175,1.166,6,1,5,0.0,1.0,4.5,4.4,5.0,5.0,8,7,0.92,sample_seed,sample_seed_public_rate_shape,"public quoted pricing context; not internal ADR, occupancy, revenue, margin, or comp policy"
2026-11-08,735,750,742,0.98,0.455,false,132,1.051,6,1,5,0.0,0.667,4.5,4.4,5.0,5.0,8,7,0.92,sample_seed,sample_seed_public_rate_shape,"public quoted pricing context; not internal ADR, occupancy, revenue, margin, or comp policy"
2026-11-09,790,680,688,1.162,0.672,false,180,1.183,6,1,5,0.0,1.0,4.5,4.4,5.0,5.0,8,7,0.92,sample_seed,sample_seed_public_rate_shape,"public quoted pricing context; not internal ADR, occupancy, revenue, margin, or comp policy"
2026-11-10,755,730,742,1.034,0.534,false,149,1.093,6,1,5,0.0,0.667,4.5,4.4,5.0,5.0,8,7,0.92,sample_seed,sample_seed_public_rate_shape,"public quoted pricing context; not internal ADR, occupancy, revenue, margin, or comp policy"
2026-11-11,590,650,645,0.908,0,false,47,0.86,6,1,5,0.0,0.5,4.5,4.4,5.0,5.0,8,7,0.92,sample_seed,sample_seed_public_rate_shape,"public quoted pricing context; not internal ADR, occupancy, revenue, margin, or comp policy"
2026-11-12,580,560,570,1.036,0,false,46,0.869,6,1,5,0.0,0.5,4.5,4.4,5.0,5.0,8,7,0.92,sample_seed,sample_seed_public_rate_shape,"public quoted pricing context; not internal ADR, occupancy, revenue, margin, or comp policy"
2026-11-13,750,730,740,1.027,0.514,false,145,1.083,6,1,5,0.167,0.667,4.5,4.4,5.0,5.0,8,7,0.92,sample_seed,sample_seed_public_rate_shape,"public quoted pricing context; not internal ADR, occupancy, revenue, margin, or comp policy"
2026-11-14,750,750,750,1.0,0.514,false,145,1.076,6,1,5,0.333,0.833,4.5,4.4,5.0,5.0,8,7,0.92,sample_seed,sample_seed_public_rate_shape,"public quoted pricing context; not internal ADR, occupancy, revenue, margin, or comp policy"
2026-11-15,820,760,790,1.079,0.791,true,208,1.212,6,1,5,0.5,0.667,4.5,4.4,5.0,5.0,8,7,0.92,sample_seed,sample_seed_public_rate_shape,"public quoted pricing context; not internal ADR, occupancy, revenue, margin, or comp policy"
2026-11-16,625,630,628,0.992,0.02,false,53,0.868,6,1,5,0.0,0.5,4.5,4.4,5.0,5.0,8,7,0.92,sample_seed,sample_seed_public_rate_shape,"public quoted pricing context; not internal ADR, occupancy, revenue, margin, or comp policy"
2026-11-17,690,670,680,1.03,0.277,false,97,0.984,6,1,5,0.0,0.833,4.5,4.4,5.0,5.0,8,7,0.92,sample_seed,sample_seed_public_rate_shape,"public quoted pricing context; not internal ADR, occupancy, revenue, margin, or comp policy"
2026-11-18,645,650,648,0.992,0.099,false,66,0.902,6,1,5,0.0,0.667,4.5,4.4,5.0,5.0,8,7,0.92,sample_seed,sample_seed_public_rate_shape,"public quoted pricing context; not internal ADR, occupancy, revenue, margin, or comp policy"
2026-11-19,795,740,765,1.074,0.692,false,185,1.169,6,1,5,0.0,0.5,4.5,4.4,5.0,5.0,8,7,0.92,sample_seed,sample_seed_public_rate_shape,"public quoted pricing context; not internal ADR, occupancy, revenue, margin, or comp policy"
2026-11-20,805,795,795,1.013,0.731,true,194,1.17,6,1,5,0.167,0.833,4.5,4.4,5.0,5.0,8,7,0.92,sample_seed,sample_seed_public_rate_shape,"public quoted pricing context; not internal ADR, occupancy, revenue, margin, or comp policy"
2026-11-21,685,725,715,0.945,0.257,false,94,0.968,6,1,5,0.0,0.833,4.5,4.4,5.0,5.0,8,7,0.92,sample_seed,sample_seed_public_rate_shape,"public quoted pricing context; not internal ADR, occupancy, revenue, margin, or comp policy"
2026-11-22,805,830,820,0.97,0.731,true,194,1.167,6,1,5,0.5,1.0,4.5,4.4,5.0,5.0,8,7,0.92,sample_seed,sample_seed_public_rate_shape,"public quoted pricing context; not internal ADR, occupancy, revenue, margin, or comp policy"
2026-11-23,670,675,672,0.993,0.198,false,83,0.943,6,1,5,0.0,0.667,4.5,4.4,5.0,5.0,8,7,0.92,sample_seed,sample_seed_public_rate_shape,"public quoted pricing context; not internal ADR, occupancy, revenue, margin, or comp policy"
2026-11-24,660,680,670,0.971,0.158,false,76,0.926,6,1,5,0.0,0.5,4.5,4.4,5.0,5.0,8,7,0.92,sample_seed,sample_seed_public_rate_shape,"public quoted pricing context; not internal ADR, occupancy, revenue, margin, or comp policy"
2026-11-25,630,640,635,0.984,0.04,false,56,0.877,6,1,5,0.0,0.833,4.5,4.4,5.0,5.0,8,7,0.92,sample_seed,sample_seed_public_rate_shape,"public quoted pricing context; not internal ADR, occupancy, revenue, margin, or comp policy"
2026-11-26,600,625,622,0.96,0,false,48,0.86,6,1,5,0.0,0.5,4.5,4.4,5.0,5.0,8,7,0.92,sample_seed,sample_seed_public_rate_shape,"public quoted pricing context; not internal ADR, occupancy, revenue, margin, or comp policy"
2026-11-27,770,835,802,0.922,0.593,true,162,1.109,6,1,5,0.5,0.667,4.5,4.4,5.0,5.0,8,7,0.92,sample_seed,sample_seed_public_rate_shape,"public quoted pricing context; not internal ADR, occupancy, revenue, margin, or comp policy"
2026-11-28,740,695,718,1.065,0.474,false,136,1.075,6,1,5,0.167,0.833,4.5,4.4,5.0,5.0,8,7,0.92,sample_seed,sample_seed_public_rate_shape,"public quoted pricing context; not internal ADR, occupancy, revenue, margin, or comp policy"
2026-11-29,815,795,805,1.025,0.771,true,203,1.19,6,1,5,0.333,0.5,4.5,4.4,5.0,5.0,8,7,0.92,sample_seed,sample_seed_public_rate_shape,"public quoted pricing context; not internal ADR, occupancy, revenue, margin, or comp policy"
2026-11-30,545,600,595,0.908,0,false,44,0.86,6,1,5,0.0,0.667,4.5,4.4,5.0,5.0,8,7,0.92,sample_seed,sample_seed_public_rate_shape,"public quoted pricing context; not internal ADR, occupancy, revenue, margin, or comp policy"
2026-12-01,705,760,745,0.928,0.336,false,109,1.001,6,1,5,0.0,0.667,4.5,4.4,5.0,5.0,8,7,0.92,sample_seed,sample_seed_public_rate_shape,"public quoted pricing context; not internal ADR, occupancy, revenue, margin, or comp policy"
2026-12-02,665,635,650,1.047,0.178,false,79,0.946,6,1,5,0.0,0.333,4.5,4.4,5.0,5.0,8,7,0.92,sample_seed,sample_seed_public_rate_shape,"public quoted pricing context; not internal ADR, occupancy, revenue, margin, or comp policy"
2026-12-03,675,680,678,0.993,0.217,false,86,0.951,6,1,5,0.0,1.0,4.5,4.4,5.0,5.0,8,7,0.92,sample_seed,sample_seed_public_rate_shape,"public quoted pricing context; not internal ADR, occupancy, revenue, margin, or comp policy"
2026-12-04,815,740,752,1.101,0.771,true,203,1.209,6,1,5,0.0,0.667,4.5,4.4,5.0,5.0,8,7,0.92,sample_seed,sample_seed_public_rate_shape,"public quoted pricing context; not internal ADR, occupancy, revenue, margin, or comp policy"
2026-12-05,620,645,632,0.961,0,false,50,0.86,6,1,5,0.0,0.667,4.5,4.4,5.0,5.0,8,7,0.92,sample_seed,sample_seed_public_rate_shape,"public quoted pricing context; not internal ADR, occupancy, revenue, margin, or comp policy"
2026-12-06,805,800,802,1.006,0.731,true,194,1.169,6,1,5,0.167,0.833,4.5,4.4,5.0,5.0,8,7,0.92,sample_seed,sample_seed_public_rate_shape,"public quoted pricing context; not internal ADR, occupancy, revenue, margin, or comp policy"
2026-12-07,620,565,592,1.097,0,false,50,0.884,6,1,5,0.0,0.667,4.5,4.4,5.0,5.0,8,7,0.92,sample_seed,sample_seed_public_rate_shape,"public quoted pricing context; not internal ADR, occupancy, revenue, margin, or comp policy"
2026-12-08,635,650,648,0.977,0.059,false,59,0.885,6,1,5,0.0,0.833,4.5,4.4,5.0,5.0,8,7,0.92,sample_seed,sample_seed_public_rate_shape,"public quoted pricing context; not internal ADR, occupancy, revenue, margin, or comp policy"
2026-12-09,560,545,552,1.028,0,false,45,0.867,6,1,5,0.0,0.667,4.5,4.4,5.0,5.0,8,7,0.92,sample_seed,sample_seed_public_rate_shape,"public quoted pricing context; not internal ADR, occupancy, revenue, margin, or comp policy"
2026-12-10,665,645,655,1.031,0.178,false,79,0.942,6,1,5,0.0,0.5,4.5,4.4,5.0,5.0,8,7,0.92,sample_seed,sample_seed_public_rate_shape,"public quoted pricing context; not internal ADR, occupancy, revenue, margin, or comp policy"
2026-12-11,710,700,705,1.014,0.356,false,112,1.013,6,1,5,0.0,0.333,4.5,4.4,5.0,5.0,8,7,0.92,sample_seed,sample_seed_public_rate_shape,"public quoted pricing context; not internal ADR, occupancy, revenue, margin, or comp policy"
2026-12-12,690,690,690,1.0,0.277,false,97,0.976,6,1,5,0.0,0.5,4.5,4.4,5.0,5.0,8,7,0.92,sample_seed,sample_seed_public_rate_shape,"public quoted pricing context; not internal ADR, occupancy, revenue, margin, or comp policy"
2026-12-13,780,790,785,0.987,0.632,false,171,1.126,6,1,5,0.167,0.833,4.5,4.4,5.0,5.0,8,7,0.92,sample_seed,sample_seed_public_rate_shape,"public quoted pricing context; not internal ADR, occupancy, revenue, margin, or comp policy"
2026-12-14,605,610,608,0.992,0,false,48,0.86,6,1,5,0.0,0.667,4.5,4.4,5.0,5.0,8,7,0.92,sample_seed,sample_seed_public_rate_shape,"public quoted pricing context; not internal ADR, occupancy, revenue, margin, or comp policy"
2026-12-15,615,605,610,1.017,0,false,49,0.864,6,1,5,0.0,0.667,4.5,4.4,5.0,5.0,8,7,0.92,sample_seed,sample_seed_public_rate_shape,"public quoted pricing context; not internal ADR, occupancy, revenue, margin, or comp policy"
2026-12-16,625,660,658,0.947,0.02,false,53,0.868,6,1,5,0.0,0.667,4.5,4.4,5.0,5.0,8,7,0.92,sample_seed,sample_seed_public_rate_shape,"public quoted pricing context; not internal ADR, occupancy, revenue, margin, or comp policy"
2026-12-17,650,715,695,0.909,0.119,false,69,0.91,6,1,5,0.0,0.5,4.5,4.4,5.0,5.0,8,7,0.92,sample_seed,sample_seed_public_rate_shape,"public quoted pricing context; not internal ADR, occupancy, revenue, margin, or comp policy"
2026-12-18,785,725,738,1.083,0.652,false,175,1.155,6,1,5,0.0,1.0,4.5,4.4,5.0,5.0,8,7,0.92,sample_seed,sample_seed_public_rate_shape,"public quoted pricing context; not internal ADR, occupancy, revenue, margin, or comp policy"
2026-12-19,755,710,732,1.063,0.534,false,149,1.1,6,1,5,0.0,0.833,4.5,4.4,5.0,5.0,8,7,0.92,sample_seed,sample_seed_public_rate_shape,"public quoted pricing context; not internal ADR, occupancy, revenue, margin, or comp policy"
2026-12-20,725,755,740,0.96,0.415,false,124,1.034,6,1,5,0.333,0.833,4.5,4.4,5.0,5.0,8,7,0.92,sample_seed,sample_seed_public_rate_shape,"public quoted pricing context; not internal ADR, occupancy, revenue, margin, or comp policy"
2026-12-21,750,695,705,1.079,0.514,false,145,1.096,6,1,5,0.0,0.833,4.5,4.4,5.0,5.0,8,7,0.92,sample_seed,sample_seed_public_rate_shape,"public quoted pricing context; not internal ADR, occupancy, revenue, margin, or comp policy"
2026-12-22,640,630,635,1.016,0.079,false,62,0.897,6,1,5,0.0,0.5,4.5,4.4,5.0,5.0,8,7,0.92,sample_seed,sample_seed_public_rate_shape,"public quoted pricing context; not internal ADR, occupancy, revenue, margin, or comp policy"
2026-12-23,660,635,648,1.039,0.158,false,76,0.936,6,1,5,0.0,0.833,4.5,4.4,5.0,5.0,8,7,0.92,sample_seed,sample_seed_public_rate_shape,"public quoted pricing context; not internal ADR, occupancy, revenue, margin, or comp policy"
2026-12-24,760,785,775,0.968,0.553,false,153,1.092,6,1,5,0.0,1.0,4.5,4.4,5.0,5.0,8,7,0.92,sample_seed,sample_seed_public_rate_shape,"public quoted pricing context; not internal ADR, occupancy, revenue, margin, or comp policy"
2026-12-25,835,840,838,0.994,0.85,true,223,1.217,6,1,5,0.833,0.833,4.5,4.4,5.0,5.0,8,7,0.92,sample_seed,sample_seed_public_rate_shape,"public quoted pricing context; not internal ADR, occupancy, revenue, margin, or comp policy"
2026-12-26,810,910,875,0.89,0.751,true,199,1.175,6,1,5,0.667,0.833,4.5,4.4,5.0,5.0,8,7,0.92,sample_seed,sample_seed_public_rate_shape,"public quoted pricing context; not internal ADR, occupancy, revenue, margin, or comp policy"
2026-12-27,910,935,922,0.973,1,true,273,1.28,6,1,5,0.833,0.5,4.5,4.4,5.0,5.0,8,7,0.92,sample_seed,sample_seed_public_rate_shape,"public quoted pricing context; not internal ADR, occupancy, revenue, margin, or comp policy"
2026-12-28,820,795,808,1.031,0.791,true,208,1.2,6,1,5,0.167,0.833,4.5,4.4,5.0,5.0,8,7,0.92,sample_seed,sample_seed_public_rate_shape,"public quoted pricing context; not internal ADR, occupancy, revenue, margin, or comp policy"
2026-12-29,835,785,805,1.064,0.85,true,223,1.233,6,1,5,0.0,0.667,4.5,4.4,5.0,5.0,8,7,0.92,sample_seed,sample_seed_public_rate_shape,"public quoted pricing context; not internal ADR, occupancy, revenue, margin, or comp policy"
2026-12-30,860,815,825,1.055,0.949,true,248,1.272,6,1,5,0.0,0.5,4.5,4.4,5.0,5.0,8,7,0.92,sample_seed,sample_seed_public_rate_shape,"public quoted pricing context; not internal ADR, occupancy, revenue, margin, or comp policy"
2026-12-31,870,870,870,1.0,0.988,true,259,1.275,6,1,5,0.0,0.833,4.5,4.4,5.0,5.0,8,7,0.92,sample_seed,sample_seed_public_rate_shape,"public quoted pricing context; not internal ADR, occupancy, revenue, margin, or comp policy"
