service_ticket_id,pms_reservation_id,crm_guest_id,guest_lookup_key,room_number_proxy,opened_timestamp,closed_timestamp,department_raw,issue_code_raw,severity_raw,reported_in_stay,guest_notes_text,ticket_status,source_loaded_at
TKT000001,PMS001443,CRM001443,guest_key_01443,344,2026-04-11T18:50:00,2026-04-11T08:01:00,rooms,housekeeping,3,false,Guest reported a housekeeping miss that made the room feel below luxury standard.,manager_review,2026-04-14
TKT000002,PMS000013,CRM000013,guest_key_00013,,2026-01-31T13:10:00,2026-01-31T08:40:00,front_desk,hk miss,4,true,Guest reported a housekeeping miss that made the room feel below luxury standard.,closed,2026-02-01
TKT000003,PMS000837,CRM000837,,347,2026-10-24T14:19:00,2026-10-24T08:02:00,spa_wellness,order problem,3,true,Guest had a dining or service lapse during an on-property food and beverage experience.,closed,2026-10-27
TKT000004,PMS001087,,guest_key_01087,,2026-01-02T14:35:00,2026-01-02T08:22:00,front_desk,car delay,,true,Guest experienced valet or parking delay at a high-friction arrival or departure moment.,closed,2026-01-04
TKT000005,PMS001405,CRM001405,guest_key_01405,337,2026-09-11T22:30:00,2026-09-11T08:27:00,front_desk,linen/turndown,4,false,Guest reported a housekeeping miss that made the room feel below luxury standard.,open,2026-09-12
TKT000006,PMS001383,,guest_key_01383,352,2026-08-20T14:06:00,2026-08-20T08:04:00,food_beverage,folio issue,2,false,Guest questioned a charge and felt the explanation was not clear enough.,manager_review,2026-08-22
TKT000007,PMS000553,,guest_key_00553,391,2026-06-22T07:05:00,2026-06-22T09:37:00,spa_wellness,room_not_ready,3,true,Guest waited past arrival time and felt the welcome experience did not match the rate.,closed,2026-06-25
TKT000008,PMS001239,CRM001239,guest_key_01239,317,2026-01-18T16:05:00,2026-01-18T09:51:00,housekeeping,noise,3,false,Guest reported disrupted rest and expected a more serene stay.,closed,2026-01-19
TKT000009,PMS000232,CRM000232,guest_key_00232,470,2026-07-28T18:20:00,2026-07-28T08:02:00,engineering,rooftop issue,2,true,Guest expected a signature rooftop/pool experience but encountered access friction.,closed,2026-07-30
TKT000010,PMS000817,,guest_key_00817,,2026-02-14T10:42:00,2026-02-14T08:08:00,valet,arrival delay,1,true,Guest waited past arrival time and felt the welcome experience did not match the rate.,open,2026-02-15
TKT000011,PMS001392,CRM001392,guest_key_01392,,2026-11-16T09:27:00,2026-11-16T12:43:00,front_desk,fb service,2,true,Guest had a dining or service lapse during an on-property food and beverage experience.,closed,2026-11-19
TKT000012,PMS001069,CRM001069,guest_key_01069,466,2026-10-16T11:19:00,2026-10-16T08:15:00,food_beverage,sleep disruption,1,true,Guest reported disrupted rest and expected a more serene stay.,closed,2026-10-16
TKT000013,PMS000371,CRM000371,guest_key_00371,331,2026-08-31T19:14:00,2026-08-31T08:01:00,front_desk,arrival delay,3,true,Guest waited past arrival time and felt the welcome experience did not match the rate.,manager_review,2026-09-01
TKT000014,PMS000290,,guest_key_00290,382,2026-07-23T08:29:00,2026-07-23T08:33:00,front_desk,folio issue,,false,Guest questioned a charge and felt the explanation was not clear enough.,closed,2026-07-25
TKT000015,,CRM001595,guest_key_01595,389,2026-01-27T19:10:00,2026-01-27T08:31:00,valet,room type mismatch,3,false,Guest expected a more desirable room configuration and felt the assignment missed the occasion.,closed,2026-01-29
TKT000016,PMS001079,,guest_key_01079,,2026-07-30T09:55:00,2026-07-30T08:42:00,rooms,upgrade expectation,4,false,Guest expected a more desirable room configuration and felt the assignment missed the occasion.,closed,2026-08-02
TKT000017,PMS001299,CRM001299,,477,2026-03-01T11:28:00,2026-03-01T08:24:00,front_desk,fb service,2,true,Guest had a dining or service lapse during an on-property food and beverage experience.,closed,2026-03-02
TKT000018,PMS000841,CRM000841,guest_key_00841,439,2026-11-07T17:37:00,2026-11-07T08:58:00,spa_wellness,restaurant issue,5,true,Guest had a dining or service lapse during an on-property food and beverage experience.,closed,2026-11-09
TKT000019,PMS000355,CRM000355,guest_key_00355,355,2026-09-14T22:40:00,2026-09-14T09:35:00,rooms,room_not_ready,4,true,Guest waited past arrival time and felt the welcome experience did not match the rate.,closed,2026-09-14
TKT000020,PMS000239,CRM000239,guest_key_00239,316,2026-04-03T19:47:00,2026-04-03T08:58:00,housekeeping,wrong room,4,true,Guest expected a more desirable room configuration and felt the assignment missed the occasion.,closed,2026-04-03
TKT000021,PMS000794,CRM000794,,361,2026-07-17T07:01:00,2026-07-17T08:27:00,rooms,parking,3,true,Guest experienced valet or parking delay at a high-friction arrival or departure moment.,closed,2026-07-19
TKT000022,PMS001399,CRM001399,guest_key_01399,369,2026-04-09T18:48:00,2026-04-09T08:08:00,food_beverage,upgrade expectation,,true,Guest expected a more desirable room configuration and felt the assignment missed the occasion.,open,2026-04-11
TKT000023,PMS000336,CRM000336,guest_key_00336,418,2026-05-22T07:45:00,2026-05-22T08:37:00,front_desk,maintenance,4,true,Guest experienced a room maintenance problem requiring staff response.,closed,2026-05-24
TKT000024,PMS000146,CRM000146,,426,2026-01-30T08:53:00,2026-01-30T08:12:00,spa_wellness,pool wait,2,false,Guest expected a signature rooftop/pool experience but encountered access friction.,closed,2026-01-30
TKT000025,PMS001547,CRM001547,guest_key_01547,389,2026-06-20T22:17:00,2026-06-20T08:11:00,front_desk,housekeeping,4,true,Guest reported a housekeeping miss that made the room feel below luxury standard.,closed,2026-06-20
TKT000026,PMS000673,CRM000673,guest_key_00673,331,2026-07-28T22:32:00,2026-07-28T08:19:00,housekeeping,dining delay,1,true,Guest had a dining or service lapse during an on-property food and beverage experience.,closed,2026-07-31
TKT000027,PMS000156,,guest_key_00156,326,2026-02-11T07:50:00,2026-02-11T08:12:00,engineering,hk miss,3,false,Guest reported a housekeeping miss that made the room feel below luxury standard.,closed,2026-02-11
TKT000028,PMS001144,CRM001144,guest_key_01144,303,2026-01-08T12:21:00,2026-01-08T08:15:00,front_desk,arrival valet,3,false,Guest experienced valet or parking delay at a high-friction arrival or departure moment.,merged_duplicate,2026-01-08
TKT000029,PMS000088,CRM000088,guest_key_00088,343,2026-02-12T17:52:00,2026-02-12T10:34:00,front_desk,upgrade expectation,5,true,Guest expected a more desirable room configuration and felt the assignment missed the occasion.,closed,2026-02-14
TKT000030,PMS001522,CRM001522,guest_key_01522,,2026-11-27T18:32:00,2026-11-27T08:37:00,food_beverage,maintenance,3,true,Guest experienced a room maintenance problem requiring staff response.,closed,2026-11-27
TKT000031,PMS001133,CRM001133,guest_key_01133,469,2026-04-08T20:34:00,2026-04-08T08:04:00,housekeeping,treatment delay,3,true,Guest reported that a wellness or spa experience did not meet expectations.,closed,2026-04-11
TKT000032,PMS000678,CRM000678,guest_key_00678,359,2026-09-20T19:12:00,2026-09-20T08:49:00,rooms,arrival delay,4,true,Guest waited past arrival time and felt the welcome experience did not match the rate.,manager_review,2026-09-23
TKT000033,,CRM000330,guest_key_00330,378,2026-07-07T16:26:00,2026-07-07T08:35:00,front_desk,arrival delay,,false,Guest waited past arrival time and felt the welcome experience did not match the rate.,closed,2026-07-10
TKT000034,PMS000056,CRM000056,guest_key_00056,307,2026-05-30T10:10:00,2026-05-30T08:48:00,engineering,spa issue,,true,Guest reported that a wellness or spa experience did not meet expectations.,closed,2026-05-31
TKT000035,PMS001310,CRM001310,guest_key_01310,397,2026-12-22T20:07:00,2026-12-22T08:20:00,housekeeping,restaurant issue,3,false,Guest had a dining or service lapse during an on-property food and beverage experience.,closed,2026-12-24
TKT000036,PMS001548,CRM001548,guest_key_01548,418,2026-06-02T17:38:00,2026-06-02T08:35:00,housekeeping,maintenance,3,true,Guest experienced a room maintenance problem requiring staff response.,closed,2026-06-03
TKT000037,,,guest_key_00857,381,2026-05-15T12:13:00,2026-05-15T08:39:00,front_desk,hk miss,3,false,Guest reported a housekeeping miss that made the room feel below luxury standard.,closed,2026-05-16
TKT000038,PMS001227,CRM001227,guest_key_01227,316,2026-06-22T17:13:00,2026-06-22T08:25:00,rooms,parking,3,true,Guest experienced valet or parking delay at a high-friction arrival or departure moment.,merged_duplicate,2026-06-24
TKT000039,PMS001137,,guest_key_01137,432,2026-12-25T17:36:00,2026-12-25T08:08:00,rooms,housekeeping,3,true,Guest reported a housekeeping miss that made the room feel below luxury standard.,closed,2026-12-26
TKT000040,PMS000518,CRM000518,guest_key_00518,374,2026-01-16T09:33:00,2026-01-16T08:04:00,front_desk,maintenance,3,false,Guest experienced a room maintenance problem requiring staff response.,closed,2026-01-17
TKT000041,PMS000488,CRM000488,guest_key_00488,368,2026-12-04T12:41:00,2026-12-04T08:10:00,housekeeping,sleep disruption,3,true,Guest reported disrupted rest and expected a more serene stay.,open,2026-12-04
TKT000042,PMS001167,CRM001167,guest_key_01167,323,2026-11-13T15:53:00,2026-11-13T08:49:00,housekeeping,view issue,3,true,Guest expected a more desirable room configuration and felt the assignment missed the occasion.,closed,2026-11-15
TKT000043,PMS001376,,guest_key_01376,407,2026-02-09T22:57:00,2026-02-09T08:05:00,front_desk,restaurant issue,,true,Guest had a dining or service lapse during an on-property food and beverage experience.,closed,2026-02-11
TKT000044,PMS000570,CRM000570,guest_key_00570,314,2026-02-16T08:48:00,2026-02-16T08:04:00,valet,restaurant issue,4,true,Guest had a dining or service lapse during an on-property food and beverage experience.,closed,2026-02-17
TKT000045,PMS000126,CRM000126,guest_key_00126,454,2026-08-11T15:25:00,2026-08-11T08:20:00,housekeeping,room equipment,3,true,Guest experienced a room maintenance problem requiring staff response.,closed,2026-08-11
TKT000046,PMS000705,CRM000705,guest_key_00705,,2026-06-16T19:44:00,2026-06-16T08:47:00,housekeeping,order problem,2,true,Guest had a dining or service lapse during an on-property food and beverage experience.,closed,2026-06-18
TKT000047,,CRM000031,guest_key_00031,462,2026-06-07T09:17:00,2026-06-07T08:48:00,housekeeping,dining delay,2,false,Guest had a dining or service lapse during an on-property food and beverage experience.,manager_review,2026-06-07
TKT000048,PMS000941,CRM000941,guest_key_00941,448,2026-11-10T16:28:00,2026-11-10T08:49:00,engineering,sleep disruption,3,false,Guest reported disrupted rest and expected a more serene stay.,closed,2026-11-13
TKT000049,,CRM000528,,451,2026-11-05T17:30:00,2026-11-05T08:27:00,front_desk,room equipment,,true,Guest experienced a room maintenance problem requiring staff response.,closed,2026-11-05
TKT000050,PMS000293,CRM000293,guest_key_00293,,2026-02-16T13:27:00,2026-02-16T08:37:00,housekeeping,treatment delay,2,true,Guest reported that a wellness or spa experience did not meet expectations.,closed,2026-02-16
TKT000051,PMS000020,CRM000020,guest_key_00020,,2026-02-10T11:26:00,2026-02-10T08:01:00,front_desk,housekeeping,3,false,Guest reported a housekeeping miss that made the room feel below luxury standard.,closed,2026-02-13
TKT000052,PMS000789,CRM000789,guest_key_00789,313,2026-08-22T09:45:00,2026-08-22T10:56:00,engineering,fee dispute,1,true,Guest questioned a charge and felt the explanation was not clear enough.,closed,2026-08-25
TKT000053,,CRM001478,guest_key_01478,457,2026-10-14T14:43:00,2026-10-14T08:24:00,food_beverage,arrival delay,4,true,Guest waited past arrival time and felt the welcome experience did not match the rate.,closed,2026-10-17
TKT000054,PMS001191,CRM001191,guest_key_01191,354,2026-02-02T20:06:00,2026-02-02T08:06:00,rooms,linen/turndown,,true,Guest reported a housekeeping miss that made the room feel below luxury standard.,closed,2026-02-05
TKT000055,PMS000403,CRM000403,guest_key_00403,408,2026-07-09T22:55:00,2026-07-09T08:07:00,rooms,sleep disruption,2,false,Guest reported disrupted rest and expected a more serene stay.,manager_review,2026-07-12
TKT000056,PMS000684,,guest_key_00684,375,2026-06-22T19:45:00,2026-06-22T09:26:00,housekeeping,arrival delay,3,false,Guest waited past arrival time and felt the welcome experience did not match the rate.,closed,2026-06-22
TKT000057,PMS001015,CRM001015,guest_key_01015,319,2026-07-08T08:47:00,2026-07-08T09:06:00,food_beverage,car delay,2,true,Guest experienced valet or parking delay at a high-friction arrival or departure moment.,closed,2026-07-08
TKT000058,PMS001315,CRM001315,guest_key_01315,450,2026-03-29T08:15:00,2026-03-29T08:49:00,rooms,wrong room,4,true,Guest expected a more desirable room configuration and felt the assignment missed the occasion.,closed,2026-04-01
TKT000059,PMS000954,,guest_key_00954,414,2026-01-07T13:32:00,2026-01-07T08:23:00,housekeeping,linen/turndown,3,true,Guest reported a housekeeping miss that made the room feel below luxury standard.,manager_review,2026-01-08
TKT000060,PMS000752,CRM000752,guest_key_00752,463,2026-05-17T10:18:00,2026-05-17T08:56:00,housekeeping,room type mismatch,3,false,Guest expected a more desirable room configuration and felt the assignment missed the occasion.,open,2026-05-17
TKT000061,PMS000103,CRM000103,guest_key_00103,,2026-08-06T11:16:00,2026-08-06T08:03:00,rooms,housekeeping,3,true,Guest reported a housekeeping miss that made the room feel below luxury standard.,open,2026-08-09
TKT000062,,CRM001285,guest_key_01285,402,2026-12-28T08:37:00,2026-12-28T08:43:00,rooms,charge question,3,true,Guest questioned a charge and felt the explanation was not clear enough.,closed,2026-12-29
TKT000063,PMS000326,CRM000326,guest_key_00326,359,2026-05-04T13:54:00,2026-05-04T08:16:00,rooms,late room,4,false,Guest waited past arrival time and felt the welcome experience did not match the rate.,manager_review,2026-05-07
TKT000064,PMS001473,CRM001473,guest_key_01473,322,2026-03-28T20:31:00,2026-03-28T08:34:00,front_desk,restaurant issue,,false,Guest had a dining or service lapse during an on-property food and beverage experience.,manager_review,2026-03-31
TKT000065,,CRM000230,guest_key_00230,390,2026-07-05T16:15:00,2026-07-05T08:47:00,engineering,charge question,5,true,Guest questioned a charge and felt the explanation was not clear enough.,closed,2026-07-08
TKT000066,PMS000852,CRM000852,guest_key_00852,419,2026-02-16T14:20:00,2026-02-16T08:46:00,rooms,noise,3,false,Guest reported disrupted rest and expected a more serene stay.,closed,2026-02-16
TKT000067,PMS000883,CRM000883,guest_key_00883,332,2026-09-21T11:02:00,2026-09-21T08:43:00,front_desk,dining delay,3,true,Guest had a dining or service lapse during an on-property food and beverage experience.,closed,2026-09-22
TKT000068,PMS000899,CRM000899,guest_key_00899,427,2026-06-21T07:23:00,2026-06-21T08:37:00,engineering,late room,3,false,Guest waited past arrival time and felt the welcome experience did not match the rate.,merged_duplicate,2026-06-23
TKT000069,PMS000015,CRM000015,guest_key_00015,464,2026-12-25T07:36:00,2026-12-25T08:44:00,housekeeping,pool wait,3,true,Guest expected a signature rooftop/pool experience but encountered access friction.,closed,2026-12-25
TKT000070,PMS000689,CRM000689,,342,2026-07-22T07:03:00,2026-07-22T08:54:00,engineering,restaurant issue,,true,Guest had a dining or service lapse during an on-property food and beverage experience.,open,2026-07-22
TKT000071,PMS000080,CRM000080,guest_key_00080,358,2026-11-16T22:30:00,2026-11-16T08:56:00,front_desk,room equipment,2,false,Guest experienced a room maintenance problem requiring staff response.,closed,2026-11-18
TKT000072,PMS000349,CRM000349,,393,2026-05-04T14:18:00,2026-05-04T08:07:00,housekeeping,spa recovery,3,true,Guest reported that a wellness or spa experience did not meet expectations.,open,2026-05-04
TKT000073,PMS001104,CRM001104,guest_key_01104,367,2026-07-21T16:00:00,2026-07-21T08:28:00,housekeeping,cabana issue,1,true,Guest expected a signature rooftop/pool experience but encountered access friction.,open,2026-07-22
TKT000074,PMS001316,CRM001316,guest_key_01316,390,2026-11-02T07:55:00,2026-11-02T08:13:00,rooms,parking,3,false,Guest experienced valet or parking delay at a high-friction arrival or departure moment.,closed,2026-11-03
TKT000075,,CRM000410,,315,2026-11-13T13:04:00,2026-11-13T08:22:00,spa_wellness,room type mismatch,,true,Guest expected a more desirable room configuration and felt the assignment missed the occasion.,closed,2026-11-16
TKT000076,PMS000574,CRM000574,guest_key_00574,454,2026-03-01T14:33:00,2026-03-01T08:56:00,housekeeping,housekeeping,5,true,Guest reported a housekeeping miss that made the room feel below luxury standard.,closed,2026-03-01
TKT000077,PMS000604,CRM000604,guest_key_00604,474,2026-11-05T18:58:00,2026-11-05T08:25:00,front_desk,parking,,true,Guest experienced valet or parking delay at a high-friction arrival or departure moment.,closed,2026-11-06
TKT000078,PMS000748,CRM000748,,362,2026-04-07T19:06:00,2026-04-07T08:37:00,rooms,parking,,true,Guest experienced valet or parking delay at a high-friction arrival or departure moment.,closed,2026-04-07
TKT000079,PMS000275,CRM000275,guest_key_00275,418,2026-11-28T10:43:00,2026-11-28T08:54:00,front_desk,pool wait,2,true,Guest expected a signature rooftop/pool experience but encountered access friction.,closed,2026-11-30
TKT000080,PMS001246,,,388,2026-12-22T17:47:00,2026-12-22T08:12:00,rooms,room equipment,3,true,Guest experienced a room maintenance problem requiring staff response.,closed,2026-12-23
TKT000081,PMS000806,CRM000806,guest_key_00806,389,2026-03-14T07:35:00,2026-03-14T08:33:00,front_desk,room_not_ready,3,true,Guest waited past arrival time and felt the welcome experience did not match the rate.,closed,2026-03-15
TKT000082,PMS000046,,guest_key_00046,364,2026-10-29T13:35:00,2026-10-29T08:05:00,rooms,room equipment,4,true,Guest experienced a room maintenance problem requiring staff response.,manager_review,2026-11-01
TKT000083,PMS000734,CRM000734,guest_key_00734,,2026-02-17T09:52:00,2026-02-17T08:46:00,front_desk,street noise,2,true,Guest reported disrupted rest and expected a more serene stay.,closed,2026-02-18
TKT000084,PMS000254,,guest_key_00254,327,2026-09-11T18:30:00,2026-09-11T08:53:00,engineering,hk miss,4,true,Guest reported a housekeeping miss that made the room feel below luxury standard.,closed,2026-09-14
TKT000085,PMS001437,,guest_key_01437,321,2026-08-01T20:50:00,2026-08-01T08:52:00,rooms,noise,,true,Guest reported disrupted rest and expected a more serene stay.,closed,2026-08-02
TKT000086,,CRM001297,guest_key_01297,327,2026-12-18T14:44:00,2026-12-18T09:36:00,rooms,view issue,,false,Guest expected a more desirable room configuration and felt the assignment missed the occasion.,closed,2026-12-19
TKT000087,,CRM000823,guest_key_00823,432,2026-08-05T17:15:00,2026-08-05T08:53:00,front_desk,arrival valet,,true,Guest experienced valet or parking delay at a high-friction arrival or departure moment.,open,2026-08-07
TKT000088,PMS000508,CRM000508,guest_key_00508,464,2026-10-30T10:55:00,2026-10-30T08:25:00,housekeeping,view issue,3,true,Guest expected a more desirable room configuration and felt the assignment missed the occasion.,closed,2026-11-01
TKT000089,PMS000638,CRM000638,,327,2026-01-27T21:59:00,2026-01-27T08:57:00,front_desk,room clean issue,4,true,Guest reported a housekeeping miss that made the room feel below luxury standard.,open,2026-01-27
TKT000090,PMS000316,CRM000316,guest_key_00316,471,2026-06-05T07:07:00,2026-06-05T08:49:00,rooms,order problem,,false,Guest had a dining or service lapse during an on-property food and beverage experience.,closed,2026-06-08
TKT000091,,CRM001319,guest_key_01319,474,2026-08-29T16:56:00,2026-08-29T09:18:00,food_beverage,view issue,3,true,Guest expected a more desirable room configuration and felt the assignment missed the occasion.,closed,2026-09-01
TKT000092,PMS000581,CRM000581,guest_key_00581,,2026-07-22T14:29:00,2026-07-22T08:24:00,front_desk,cabana issue,1,true,Guest expected a signature rooftop/pool experience but encountered access friction.,manager_review,2026-07-25
TKT000093,PMS001493,,guest_key_01493,,2026-08-09T19:35:00,2026-08-09T08:41:00,valet,room_not_ready,3,true,Guest waited past arrival time and felt the welcome experience did not match the rate.,closed,2026-08-11
TKT000094,,,,402,2026-09-20T15:37:00,2026-09-20T08:18:00,food_beverage,order problem,3,false,Guest had a dining or service lapse during an on-property food and beverage experience.,closed,2026-09-21
TKT000095,PMS000595,,guest_key_00595,327,2026-06-16T11:25:00,2026-06-16T08:37:00,front_desk,billing,4,true,Guest questioned a charge and felt the explanation was not clear enough.,open,2026-06-16
TKT000096,,CRM000659,,358,2026-12-05T07:14:00,2026-12-05T08:19:00,food_beverage,maintenance,2,true,Guest experienced a room maintenance problem requiring staff response.,closed,2026-12-08
TKT000097,PMS000831,CRM000831,guest_key_00831,320,2026-10-16T21:31:00,2026-10-16T08:48:00,food_beverage,restaurant issue,3,true,Guest had a dining or service lapse during an on-property food and beverage experience.,closed,2026-10-17
TKT000098,PMS001097,,,,2026-08-12T08:36:00,2026-08-12T08:37:00,food_beverage,pool wait,3,true,Guest expected a signature rooftop/pool experience but encountered access friction.,merged_duplicate,2026-08-15
TKT000099,PMS000631,CRM000631,guest_key_00631,413,2026-03-20T08:58:00,2026-03-20T08:24:00,spa_wellness,arrival delay,3,true,Guest waited past arrival time and felt the welcome experience did not match the rate.,manager_review,2026-03-21
TKT000100,PMS000408,CRM000408,guest_key_00408,370,2026-11-20T14:34:00,2026-11-20T08:46:00,food_beverage,folio issue,4,false,Guest questioned a charge and felt the explanation was not clear enough.,manager_review,2026-11-20
TKT000101,PMS000037,,guest_key_00037,339,2026-11-01T19:22:00,2026-11-01T08:05:00,housekeeping,linen/turndown,3,false,Guest reported a housekeeping miss that made the room feel below luxury standard.,manager_review,2026-11-04
TKT000102,PMS001208,,guest_key_01208,445,2026-01-13T16:14:00,2026-01-13T08:57:00,housekeeping,late room,5,true,Guest waited past arrival time and felt the welcome experience did not match the rate.,merged_duplicate,2026-01-15
TKT000103,PMS001070,CRM001070,guest_key_01070,386,2026-01-08T07:03:00,2026-01-08T08:15:00,rooms,facilities issue,4,false,Guest experienced a room maintenance problem requiring staff response.,closed,2026-01-11
TKT000104,PMS000439,CRM000439,guest_key_00439,324,2026-08-13T19:02:00,2026-08-13T08:10:00,rooms,folio issue,3,true,Guest questioned a charge and felt the explanation was not clear enough.,manager_review,2026-08-14
TKT000105,PMS000452,CRM000452,guest_key_00452,445,2026-02-05T11:45:00,2026-02-05T08:06:00,valet,order problem,,true,Guest had a dining or service lapse during an on-property food and beverage experience.,closed,2026-02-08
TKT000106,PMS000006,CRM000006,guest_key_00006,337,2026-07-25T10:21:00,2026-07-25T08:58:00,rooms,late room,2,true,Guest waited past arrival time and felt the welcome experience did not match the rate.,manager_review,2026-07-28
TKT000107,PMS001451,CRM001451,guest_key_01451,352,2026-11-25T18:39:00,2026-11-25T08:15:00,spa_wellness,sleep disruption,3,true,Guest reported disrupted rest and expected a more serene stay.,closed,2026-11-28
TKT000108,PMS000067,,guest_key_00067,399,2026-06-04T07:10:00,2026-06-04T08:48:00,housekeeping,wrong room,,true,Guest expected a more desirable room configuration and felt the assignment missed the occasion.,closed,2026-06-05
TKT000109,PMS001148,CRM001148,guest_key_01148,,2026-12-02T15:30:00,2026-12-02T08:33:00,engineering,order problem,1,true,Guest had a dining or service lapse during an on-property food and beverage experience.,closed,2026-12-03
TKT000110,PMS000409,CRM000409,guest_key_00409,,2026-08-05T12:27:00,2026-08-05T08:52:00,front_desk,upgrade expectation,3,true,Guest expected a more desirable room configuration and felt the assignment missed the occasion.,closed,2026-08-05
TKT000111,,CRM001532,guest_key_01532,422,2026-09-16T22:53:00,2026-09-16T08:13:00,rooms,checkin wait,2,true,Guest waited past arrival time and felt the welcome experience did not match the rate.,closed,2026-09-17
TKT000112,PMS000720,CRM000720,guest_key_00720,340,2026-12-19T09:08:00,2026-12-19T08:46:00,food_beverage,room type mismatch,3,true,Guest expected a more desirable room configuration and felt the assignment missed the occasion.,closed,2026-12-22
TKT000113,PMS000858,CRM000858,guest_key_00858,440,2026-10-24T12:05:00,2026-10-24T08:43:00,engineering,billing,4,false,Guest questioned a charge and felt the explanation was not clear enough.,closed,2026-10-26
TKT000114,PMS000670,CRM000670,guest_key_00670,381,2026-07-23T11:22:00,2026-07-23T08:22:00,engineering,wrong room,4,true,Guest expected a more desirable room configuration and felt the assignment missed the occasion.,closed,2026-07-23
TKT000115,PMS000002,CRM000002,guest_key_00002,,2026-01-27T18:04:00,2026-01-27T08:25:00,housekeeping,room type mismatch,3,true,Guest expected a more desirable room configuration and felt the assignment missed the occasion.,merged_duplicate,2026-01-30
TKT000116,PMS001322,CRM001322,guest_key_01322,469,2026-07-26T19:32:00,2026-07-26T08:57:00,rooms,noise,,false,Guest reported disrupted rest and expected a more serene stay.,open,2026-07-29
TKT000117,PMS000493,CRM000493,guest_key_00493,461,2026-07-15T08:59:00,2026-07-15T08:57:00,front_desk,fb service,3,true,Guest had a dining or service lapse during an on-property food and beverage experience.,closed,2026-07-18
TKT000118,,CRM001325,guest_key_01325,,2026-02-20T15:21:00,2026-02-20T08:11:00,rooms,view issue,4,true,Guest expected a more desirable room configuration and felt the assignment missed the occasion.,open,2026-02-23
TKT000119,PMS000974,CRM000974,guest_key_00974,353,2026-03-22T07:56:00,2026-03-22T08:38:00,food_beverage,facilities issue,4,false,Guest experienced a room maintenance problem requiring staff response.,manager_review,2026-03-24
TKT000120,PMS000162,CRM000162,guest_key_00162,409,2026-06-09T17:47:00,2026-06-09T08:43:00,food_beverage,folio issue,,false,Guest questioned a charge and felt the explanation was not clear enough.,closed,2026-06-11
TKT000121,PMS000986,CRM000986,guest_key_00986,388,2026-08-16T21:37:00,2026-08-16T08:50:00,rooms,wrong room,3,true,Guest expected a more desirable room configuration and felt the assignment missed the occasion.,closed,2026-08-17
TKT000122,PMS000523,CRM000523,,349,2026-07-20T16:02:00,2026-07-20T08:32:00,engineering,engineering,5,true,Guest experienced a room maintenance problem requiring staff response.,closed,2026-07-23
TKT000123,PMS001465,,guest_key_01465,394,2026-04-10T20:00:00,2026-04-10T08:43:00,front_desk,checkin wait,5,true,Guest waited past arrival time and felt the welcome experience did not match the rate.,closed,2026-04-10
TKT000124,PMS001448,CRM001448,guest_key_01448,479,2026-01-10T16:57:00,2026-01-10T08:17:00,rooms,maintenance,,false,Guest experienced a room maintenance problem requiring staff response.,closed,2026-01-13
TKT000125,PMS001292,CRM001292,guest_key_01292,469,2026-07-10T12:59:00,2026-07-10T08:18:00,housekeeping,dining delay,4,true,Guest had a dining or service lapse during an on-property food and beverage experience.,closed,2026-07-12
TKT000126,,CRM000418,guest_key_00418,369,2026-05-07T13:28:00,2026-05-07T08:27:00,housekeeping,sleep disruption,3,true,Guest reported disrupted rest and expected a more serene stay.,closed,2026-05-08
TKT000127,PMS001145,CRM001145,guest_key_01145,411,2026-10-13T13:16:00,2026-10-13T08:44:00,front_desk,room type mismatch,3,true,Guest expected a more desirable room configuration and felt the assignment missed the occasion.,closed,2026-10-16
TKT000128,PMS000457,CRM000457,guest_key_00457,,2026-11-13T13:07:00,2026-11-13T08:12:00,food_beverage,housekeeping,3,true,Guest reported a housekeeping miss that made the room feel below luxury standard.,closed,2026-11-13
TKT000129,PMS000872,CRM000872,guest_key_00872,334,2026-11-15T22:40:00,2026-11-15T09:45:00,engineering,spa issue,3,false,Guest reported that a wellness or spa experience did not meet expectations.,closed,2026-11-15
TKT000130,PMS000078,,guest_key_00078,,2026-11-26T11:00:00,2026-11-26T08:02:00,valet,dining delay,3,true,Guest had a dining or service lapse during an on-property food and beverage experience.,closed,2026-11-28
TKT000131,PMS000247,,guest_key_00247,304,2026-05-30T14:50:00,2026-05-30T08:48:00,housekeeping,arrival delay,3,true,Guest waited past arrival time and felt the welcome experience did not match the rate.,closed,2026-05-30
TKT000132,,CRM000385,guest_key_00385,387,2026-10-09T19:35:00,2026-10-09T08:55:00,rooms,valet wait,,true,Guest experienced valet or parking delay at a high-friction arrival or departure moment.,closed,2026-10-09
TKT000133,PMS001454,CRM001454,guest_key_01454,429,2026-05-08T17:14:00,2026-05-08T08:46:00,front_desk,room type mismatch,4,true,Guest expected a more desirable room configuration and felt the assignment missed the occasion.,closed,2026-05-10
TKT000134,PMS000242,CRM000242,guest_key_00242,407,2026-08-02T21:42:00,2026-08-02T08:39:00,front_desk,pool access,3,false,Guest expected a signature rooftop/pool experience but encountered access friction.,closed,2026-08-05
TKT000135,PMS001332,,guest_key_01332,,2026-04-24T11:51:00,2026-04-24T08:54:00,valet,car delay,4,true,Guest experienced valet or parking delay at a high-friction arrival or departure moment.,open,2026-04-25
TKT000136,PMS000341,CRM000341,guest_key_00341,348,2026-12-02T19:55:00,2026-12-02T08:59:00,housekeeping,cabana issue,1,true,Guest expected a signature rooftop/pool experience but encountered access friction.,closed,2026-12-02
TKT000137,,CRM000175,,469,2026-11-16T20:38:00,2026-11-16T08:33:00,food_beverage,wrong room,,true,Guest expected a more desirable room configuration and felt the assignment missed the occasion.,manager_review,2026-11-16
TKT000138,,CRM000867,guest_key_00867,361,2026-10-06T19:17:00,2026-10-06T08:16:00,rooms,spa issue,4,true,Guest reported that a wellness or spa experience did not meet expectations.,closed,2026-10-08
TKT000139,PMS000011,,guest_key_00011,,2026-08-21T11:21:00,2026-08-21T10:30:00,rooms,late room,3,true,Guest waited past arrival time and felt the welcome experience did not match the rate.,closed,2026-08-22
TKT000140,PMS001168,CRM001168,guest_key_01168,390,2026-05-08T17:22:00,2026-05-08T08:57:00,engineering,dining delay,3,true,Guest had a dining or service lapse during an on-property food and beverage experience.,closed,2026-05-11
TKT000141,PMS000236,CRM000236,guest_key_00236,338,2026-01-06T12:14:00,2026-01-06T08:51:00,front_desk,pool wait,3,true,Guest expected a signature rooftop/pool experience but encountered access friction.,closed,2026-01-08
TKT000142,PMS000214,CRM000214,guest_key_00214,465,2026-05-24T22:33:00,2026-05-24T08:03:00,front_desk,street noise,4,true,Guest reported disrupted rest and expected a more serene stay.,closed,2026-05-25
TKT000143,PMS000378,CRM000378,guest_key_00378,357,2026-02-10T16:31:00,2026-02-10T10:24:00,front_desk,car delay,2,true,Guest experienced valet or parking delay at a high-friction arrival or departure moment.,closed,2026-02-11
TKT000144,PMS000144,CRM000144,guest_key_00144,342,2026-07-14T21:14:00,2026-07-14T08:09:00,engineering,linen/turndown,4,true,Guest reported a housekeeping miss that made the room feel below luxury standard.,manager_review,2026-07-16
TKT000145,PMS001028,CRM001028,guest_key_01028,,2026-05-15T22:22:00,2026-05-15T08:33:00,front_desk,housekeeping,4,true,Guest reported a housekeeping miss that made the room feel below luxury standard.,manager_review,2026-05-16
TKT000146,PMS000024,,guest_key_00024,399,2026-12-23T21:17:00,2026-12-23T08:56:00,engineering,room equipment,4,true,Guest experienced a room maintenance problem requiring staff response.,manager_review,2026-12-26
TKT000147,PMS000778,CRM000778,guest_key_00778,428,2026-08-23T20:24:00,2026-08-23T08:02:00,food_beverage,room clean issue,4,true,Guest reported a housekeeping miss that made the room feel below luxury standard.,closed,2026-08-23
TKT000148,PMS000533,CRM000533,guest_key_00533,336,2026-11-24T14:45:00,2026-11-24T09:06:00,front_desk,restaurant issue,3,true,Guest had a dining or service lapse during an on-property food and beverage experience.,closed,2026-11-25
TKT000149,PMS001466,,guest_key_01466,348,2026-04-20T21:00:00,2026-04-20T08:22:00,rooms,spa issue,3,true,Guest reported that a wellness or spa experience did not meet expectations.,closed,2026-04-20
TKT000150,PMS001156,CRM001156,guest_key_01156,432,2026-12-10T11:46:00,2026-12-10T09:44:00,engineering,noise,1,true,Guest reported disrupted rest and expected a more serene stay.,open,2026-12-12
TKT000151,PMS000345,CRM000345,,358,2026-03-02T19:40:00,2026-03-02T08:55:00,rooms,hk miss,3,true,Guest reported a housekeeping miss that made the room feel below luxury standard.,closed,2026-03-05
TKT000152,PMS001377,CRM001377,guest_key_01377,348,2026-10-09T12:35:00,2026-10-09T08:49:00,housekeeping,facilities issue,,true,Guest experienced a room maintenance problem requiring staff response.,closed,2026-10-09
TKT000153,PMS000077,,guest_key_00077,,2026-10-12T20:03:00,2026-10-12T08:09:00,rooms,room clean issue,2,true,Guest reported a housekeeping miss that made the room feel below luxury standard.,closed,2026-10-15
TKT000154,PMS000198,,,349,2026-02-14T09:50:00,2026-02-14T10:53:00,food_beverage,view issue,2,true,Guest expected a more desirable room configuration and felt the assignment missed the occasion.,closed,2026-02-17
TKT000155,PMS000377,CRM000377,guest_key_00377,385,2026-09-23T17:12:00,2026-09-23T08:19:00,front_desk,spa issue,5,true,Guest reported that a wellness or spa experience did not meet expectations.,closed,2026-09-23
TKT000156,PMS000454,CRM000454,guest_key_00454,478,2026-02-28T07:58:00,2026-02-28T08:49:00,food_beverage,arrival valet,3,true,Guest experienced valet or parking delay at a high-friction arrival or departure moment.,closed,2026-03-01
TKT000157,PMS000990,,guest_key_00990,441,2026-04-21T14:56:00,2026-04-21T08:15:00,rooms,view issue,2,true,Guest expected a more desirable room configuration and felt the assignment missed the occasion.,manager_review,2026-04-21
TKT000158,PMS001273,CRM001273,guest_key_01273,311,2026-12-19T09:48:00,2026-12-19T08:23:00,food_beverage,fb service,4,false,Guest had a dining or service lapse during an on-property food and beverage experience.,closed,2026-12-22
TKT000159,PMS000007,CRM000007,guest_key_00007,363,2026-02-11T09:35:00,2026-02-11T09:51:00,front_desk,room type mismatch,2,true,Guest expected a more desirable room configuration and felt the assignment missed the occasion.,closed,2026-02-11
TKT000160,PMS000808,CRM000808,guest_key_00808,343,2026-08-25T09:57:00,2026-08-25T09:36:00,food_beverage,pool access,2,true,Guest expected a signature rooftop/pool experience but encountered access friction.,closed,2026-08-28
TKT000161,PMS001259,CRM001259,guest_key_01259,,2026-02-13T17:51:00,2026-02-13T10:02:00,front_desk,room type mismatch,4,true,Guest expected a more desirable room configuration and felt the assignment missed the occasion.,closed,2026-02-13
TKT000162,PMS000775,CRM000775,,423,2026-05-26T16:31:00,2026-05-26T08:05:00,rooms,room clean issue,,true,Guest reported a housekeeping miss that made the room feel below luxury standard.,closed,2026-05-29
TKT000163,,CRM001021,guest_key_01021,440,2026-11-12T17:33:00,2026-11-12T08:40:00,rooms,hk miss,4,true,Guest reported a housekeeping miss that made the room feel below luxury standard.,open,2026-11-14
TKT000164,,CRM000989,guest_key_00989,,2026-02-22T13:43:00,2026-02-22T08:18:00,front_desk,valet wait,3,true,Guest experienced valet or parking delay at a high-friction arrival or departure moment.,closed,2026-02-25
TKT000165,,CRM000979,guest_key_00979,377,2026-04-02T18:27:00,2026-04-02T08:10:00,front_desk,facilities issue,3,true,Guest experienced a room maintenance problem requiring staff response.,closed,2026-04-05
TKT000166,PMS000845,,guest_key_00845,306,2026-05-26T09:04:00,2026-05-26T09:42:00,valet,room type mismatch,4,true,Guest expected a more desirable room configuration and felt the assignment missed the occasion.,closed,2026-05-26
TKT000167,PMS000637,,guest_key_00637,362,2026-10-03T21:17:00,2026-10-03T08:13:00,front_desk,wellness service,5,true,Guest reported that a wellness or spa experience did not meet expectations.,closed,2026-10-05
TKT000168,,,,314,2026-02-24T17:27:00,2026-02-24T08:08:00,housekeeping,view issue,,true,Guest expected a more desirable room configuration and felt the assignment missed the occasion.,closed,2026-02-24
TKT000169,PMS000522,,,418,2026-12-23T17:30:00,2026-12-23T08:22:00,rooms,housekeeping,4,true,Guest reported a housekeeping miss that made the room feel below luxury standard.,closed,2026-12-25
TKT000170,PMS001304,CRM001304,guest_key_01304,374,2026-06-23T22:17:00,2026-06-23T08:11:00,front_desk,arrival delay,3,false,Guest waited past arrival time and felt the welcome experience did not match the rate.,closed,2026-06-26
TKT000171,,CRM001020,,,2026-05-07T12:17:00,2026-05-07T09:38:00,front_desk,arrival delay,4,true,Guest waited past arrival time and felt the welcome experience did not match the rate.,closed,2026-05-09
TKT000172,PMS001323,CRM001323,guest_key_01323,419,2026-06-09T13:08:00,2026-06-09T08:47:00,front_desk,neighbor noise,1,false,Guest reported disrupted rest and expected a more serene stay.,closed,2026-06-11
TKT000173,PMS000863,CRM000863,guest_key_00863,,2026-02-02T07:11:00,2026-02-02T08:39:00,rooms,parking,4,true,Guest experienced valet or parking delay at a high-friction arrival or departure moment.,open,2026-02-05
TKT000174,PMS000195,CRM000195,guest_key_00195,,2026-05-03T12:14:00,2026-05-03T08:33:00,rooms,engineering,4,false,Guest experienced a room maintenance problem requiring staff response.,manager_review,2026-05-04
TKT000175,PMS000117,CRM000117,guest_key_00117,435,2026-02-13T13:14:00,2026-02-13T08:42:00,engineering,noise,4,true,Guest reported disrupted rest and expected a more serene stay.,closed,2026-02-15
TKT000176,PMS000253,CRM000253,guest_key_00253,457,2026-07-03T13:10:00,2026-07-03T08:13:00,engineering,engineering,5,true,Guest experienced a room maintenance problem requiring staff response.,closed,2026-07-05
TKT000177,PMS001117,CRM001117,guest_key_01117,430,2026-12-24T11:05:00,2026-12-24T08:57:00,housekeeping,view issue,3,false,Guest expected a more desirable room configuration and felt the assignment missed the occasion.,open,2026-12-26
TKT000178,,CRM001501,guest_key_01501,,2026-02-24T21:06:00,2026-02-24T08:58:00,front_desk,pool access,3,true,Guest expected a signature rooftop/pool experience but encountered access friction.,open,2026-02-24
TKT000179,PMS000579,CRM000579,guest_key_00579,380,2026-07-21T22:46:00,2026-07-21T09:27:00,valet,checkin wait,1,true,Guest waited past arrival time and felt the welcome experience did not match the rate.,closed,2026-07-24
TKT000180,PMS000269,CRM000269,guest_key_00269,445,2026-09-27T14:42:00,2026-09-27T08:08:00,engineering,checkin wait,,true,Guest waited past arrival time and felt the welcome experience did not match the rate.,closed,2026-09-30
TKT000181,PMS001435,CRM001435,guest_key_01435,434,2026-11-24T22:22:00,2026-11-24T08:17:00,housekeeping,wrong room,2,true,Guest expected a more desirable room configuration and felt the assignment missed the occasion.,closed,2026-11-24
TKT000182,PMS000979,CRM000979,guest_key_00979,,2026-04-02T16:08:00,2026-04-02T08:30:00,housekeeping,restaurant issue,3,false,Guest had a dining or service lapse during an on-property food and beverage experience.,closed,2026-04-03
TKT000183,PMS001408,CRM001408,guest_key_01408,364,2026-03-11T13:10:00,2026-03-11T09:21:00,housekeeping,arrival delay,4,false,Guest waited past arrival time and felt the welcome experience did not match the rate.,closed,2026-03-14
TKT000184,PMS000565,CRM000565,guest_key_00565,,2026-02-06T13:27:00,2026-02-06T09:45:00,front_desk,hk miss,2,true,Guest reported a housekeeping miss that made the room feel below luxury standard.,closed,2026-02-09
TKT000185,PMS001517,CRM001517,guest_key_01517,,2026-10-10T19:51:00,2026-10-10T08:05:00,front_desk,pool wait,4,true,Guest expected a signature rooftop/pool experience but encountered access friction.,open,2026-10-12
TKT000186,PMS000926,CRM000926,guest_key_00926,322,2026-06-03T07:44:00,2026-06-03T08:12:00,rooms,neighbor noise,4,true,Guest reported disrupted rest and expected a more serene stay.,manager_review,2026-06-04
TKT000187,PMS000498,,guest_key_00498,349,2026-01-04T16:12:00,2026-01-04T08:31:00,rooms,wellness service,3,true,Guest reported that a wellness or spa experience did not meet expectations.,closed,2026-01-04
TKT000188,PMS000210,,guest_key_00210,415,2026-06-02T22:22:00,2026-06-02T08:18:00,housekeeping,facilities issue,3,true,Guest experienced a room maintenance problem requiring staff response.,closed,2026-06-02
TKT000189,PMS000800,,guest_key_00800,310,2026-05-26T17:53:00,2026-05-26T08:55:00,engineering,neighbor noise,2,true,Guest reported disrupted rest and expected a more serene stay.,closed,2026-05-27
TKT000190,PMS001453,CRM001453,guest_key_01453,310,2026-10-10T21:35:00,2026-10-10T08:42:00,front_desk,dining delay,1,false,Guest had a dining or service lapse during an on-property food and beverage experience.,closed,2026-10-13
TKT000191,PMS000576,CRM000576,guest_key_00576,305,2026-01-20T13:55:00,2026-01-20T08:54:00,rooms,order problem,2,false,Guest had a dining or service lapse during an on-property food and beverage experience.,closed,2026-01-21
TKT000192,PMS000740,CRM000740,guest_key_00740,,2026-06-25T21:14:00,2026-06-25T08:30:00,front_desk,room_not_ready,4,false,Guest waited past arrival time and felt the welcome experience did not match the rate.,closed,2026-06-26
TKT000193,PMS001317,CRM001317,guest_key_01317,448,2026-10-01T08:22:00,2026-10-01T08:04:00,front_desk,room clean issue,3,true,Guest reported a housekeeping miss that made the room feel below luxury standard.,closed,2026-10-04
TKT000194,PMS000411,CRM000411,guest_key_00411,,2026-02-13T16:22:00,2026-02-13T08:17:00,engineering,folio issue,2,false,Guest questioned a charge and felt the explanation was not clear enough.,closed,2026-02-13
TKT000195,PMS001500,CRM001500,guest_key_01500,349,2026-06-21T13:04:00,2026-06-21T08:10:00,engineering,dining delay,2,true,Guest had a dining or service lapse during an on-property food and beverage experience.,closed,2026-06-21
TKT000196,PMS001077,CRM001077,guest_key_01077,439,2026-10-23T11:29:00,2026-10-23T08:54:00,front_desk,spa recovery,2,true,Guest reported that a wellness or spa experience did not meet expectations.,closed,2026-10-24
TKT000197,PMS001536,CRM001536,guest_key_01536,381,2026-08-09T07:10:00,2026-08-09T08:17:00,rooms,wellness service,5,false,Guest reported that a wellness or spa experience did not meet expectations.,closed,2026-08-10
TKT000198,PMS001207,CRM001207,,,2026-08-02T14:43:00,2026-08-02T08:51:00,engineering,fee dispute,5,true,Guest questioned a charge and felt the explanation was not clear enough.,closed,2026-08-05
TKT000199,PMS000337,CRM000337,guest_key_00337,330,2026-03-27T18:51:00,2026-03-27T08:49:00,spa_wellness,late room,3,false,Guest waited past arrival time and felt the welcome experience did not match the rate.,closed,2026-03-27
TKT000200,PMS001570,CRM001570,,409,2026-03-08T20:56:00,2026-03-08T08:31:00,front_desk,spa recovery,3,true,Guest reported that a wellness or spa experience did not meet expectations.,closed,2026-03-11
TKT000201,PMS000036,CRM000036,guest_key_00036,437,2026-02-23T08:11:00,2026-02-23T08:25:00,housekeeping,arrival delay,2,true,Guest waited past arrival time and felt the welcome experience did not match the rate.,closed,2026-02-23
TKT000202,PMS001102,CRM001102,guest_key_01102,,2026-11-01T07:05:00,2026-11-01T08:22:00,food_beverage,maintenance,,false,Guest experienced a room maintenance problem requiring staff response.,merged_duplicate,2026-11-03
TKT000203,PMS000591,CRM000591,guest_key_00591,,2026-07-14T22:19:00,2026-07-14T08:33:00,front_desk,folio issue,1,true,Guest questioned a charge and felt the explanation was not clear enough.,closed,2026-07-14
TKT000204,PMS001414,CRM001414,guest_key_01414,388,2026-12-30T10:36:00,2026-12-30T08:13:00,rooms,valet wait,1,false,Guest experienced valet or parking delay at a high-friction arrival or departure moment.,closed,2026-12-30
TKT000205,PMS000785,CRM000785,guest_key_00785,407,2026-06-05T09:29:00,2026-06-05T08:28:00,engineering,fee dispute,1,true,Guest questioned a charge and felt the explanation was not clear enough.,closed,2026-06-08
TKT000206,PMS000627,,,378,2026-08-02T08:04:00,2026-08-02T08:41:00,housekeeping,view issue,,false,Guest expected a more desirable room configuration and felt the assignment missed the occasion.,closed,2026-08-02
TKT000207,PMS000193,CRM000193,guest_key_00193,464,2026-07-24T20:57:00,2026-07-24T08:10:00,valet,car delay,1,true,Guest experienced valet or parking delay at a high-friction arrival or departure moment.,closed,2026-07-26
TKT000208,PMS000353,,guest_key_00353,365,2026-06-14T19:45:00,2026-06-14T08:44:00,housekeeping,neighbor noise,,true,Guest reported disrupted rest and expected a more serene stay.,manager_review,2026-06-17
TKT000209,,CRM000478,guest_key_00478,444,2026-11-03T16:08:00,2026-11-03T08:48:00,rooms,room_not_ready,2,false,Guest waited past arrival time and felt the welcome experience did not match the rate.,open,2026-11-05
TKT000210,PMS000359,,guest_key_00359,459,2026-03-21T16:47:00,2026-03-21T08:24:00,rooms,restaurant issue,1,false,Guest had a dining or service lapse during an on-property food and beverage experience.,closed,2026-03-21
TKT000211,PMS000548,,,439,2026-04-27T18:46:00,2026-04-27T08:32:00,rooms,wrong room,3,false,Guest expected a more desirable room configuration and felt the assignment missed the occasion.,closed,2026-04-29
TKT000212,PMS000980,CRM000980,guest_key_00980,353,2026-10-25T08:35:00,2026-10-25T08:32:00,front_desk,charge question,2,true,Guest questioned a charge and felt the explanation was not clear enough.,manager_review,2026-10-26
TKT000213,PMS001427,,guest_key_01427,,2026-03-27T12:36:00,2026-03-27T08:49:00,rooms,wrong room,3,true,Guest expected a more desirable room configuration and felt the assignment missed the occasion.,closed,2026-03-29
TKT000214,PMS000450,CRM000450,guest_key_00450,319,2026-07-13T17:36:00,2026-07-13T09:04:00,rooms,arrival delay,5,true,Guest waited past arrival time and felt the welcome experience did not match the rate.,closed,2026-07-15
TKT000215,PMS000702,CRM000702,guest_key_00702,,2026-12-31T07:49:00,2026-12-31T08:37:00,front_desk,linen/turndown,4,false,Guest reported a housekeeping miss that made the room feel below luxury standard.,closed,2026-12-31
TKT000216,PMS001481,CRM001481,guest_key_01481,336,2026-09-06T19:21:00,2026-09-06T08:49:00,food_beverage,room_not_ready,5,true,Guest waited past arrival time and felt the welcome experience did not match the rate.,manager_review,2026-09-09
TKT000217,PMS000953,CRM000953,,386,2026-01-29T19:17:00,2026-01-29T08:29:00,engineering,engineering,2,true,Guest experienced a room maintenance problem requiring staff response.,closed,2026-01-30
TKT000218,PMS000228,CRM000228,guest_key_00228,308,2026-11-18T10:04:00,2026-11-18T08:11:00,spa_wellness,treatment delay,3,true,Guest reported that a wellness or spa experience did not meet expectations.,merged_duplicate,2026-11-21
TKT000219,PMS000580,,guest_key_00580,399,2026-03-05T18:03:00,2026-03-05T09:07:00,housekeeping,parking,3,true,Guest experienced valet or parking delay at a high-friction arrival or departure moment.,closed,2026-03-05
TKT000220,PMS000657,CRM000657,guest_key_00657,399,2026-08-24T19:15:00,2026-08-24T08:41:00,engineering,late room,,true,Guest waited past arrival time and felt the welcome experience did not match the rate.,manager_review,2026-08-24
TKT000221,PMS001275,CRM001275,guest_key_01275,474,2026-12-15T21:36:00,2026-12-15T08:46:00,front_desk,valet wait,2,false,Guest experienced valet or parking delay at a high-friction arrival or departure moment.,closed,2026-12-17
TKT000222,PMS001108,CRM001108,,349,2026-08-23T07:16:00,2026-08-23T08:50:00,rooms,view issue,3,true,Guest expected a more desirable room configuration and felt the assignment missed the occasion.,closed,2026-08-26
TKT000223,,CRM001363,guest_key_01363,398,2026-12-04T07:43:00,2026-12-04T08:46:00,housekeeping,noise,,true,Guest reported disrupted rest and expected a more serene stay.,closed,2026-12-05
TKT000224,PMS000425,CRM000425,,378,2026-08-19T21:57:00,2026-08-19T09:46:00,food_beverage,maintenance,5,true,Guest experienced a room maintenance problem requiring staff response.,closed,2026-08-21
TKT000225,,CRM000901,guest_key_00901,382,2026-11-20T10:59:00,2026-11-20T08:03:00,valet,checkin wait,2,true,Guest waited past arrival time and felt the welcome experience did not match the rate.,closed,2026-11-22
TKT000226,PMS000861,CRM000861,guest_key_00861,470,2026-08-30T15:07:00,2026-08-30T08:36:00,food_beverage,street noise,2,true,Guest reported disrupted rest and expected a more serene stay.,closed,2026-09-01
TKT000227,PMS000798,CRM000798,,347,2026-08-03T13:35:00,2026-08-03T08:33:00,rooms,room clean issue,5,false,Guest reported a housekeeping miss that made the room feel below luxury standard.,merged_duplicate,2026-08-04
TKT000228,PMS001551,CRM001551,guest_key_01551,412,2026-08-04T21:15:00,2026-08-04T08:40:00,rooms,view issue,3,true,Guest expected a more desirable room configuration and felt the assignment missed the occasion.,manager_review,2026-08-04
TKT000229,,CRM001270,guest_key_01270,473,2026-09-28T15:29:00,2026-09-28T09:21:00,housekeeping,folio issue,,false,Guest questioned a charge and felt the explanation was not clear enough.,closed,2026-10-01
TKT000230,PMS001590,CRM001590,guest_key_01590,418,2026-07-22T14:42:00,2026-07-22T09:21:00,spa_wellness,arrival delay,3,true,Guest waited past arrival time and felt the welcome experience did not match the rate.,closed,2026-07-24
TKT000231,PMS000864,CRM000864,guest_key_00864,424,2026-06-20T15:37:00,2026-06-20T08:28:00,rooms,room type mismatch,4,true,Guest expected a more desirable room configuration and felt the assignment missed the occasion.,merged_duplicate,2026-06-22
TKT000232,PMS000407,,guest_key_00407,454,2026-05-16T12:17:00,2026-05-16T08:06:00,front_desk,facilities issue,,true,Guest experienced a room maintenance problem requiring staff response.,closed,2026-05-18
TKT000233,PMS000348,,guest_key_00348,,2026-01-11T19:24:00,2026-01-11T08:12:00,food_beverage,arrival valet,3,true,Guest experienced valet or parking delay at a high-friction arrival or departure moment.,closed,2026-01-12
TKT000234,PMS000824,CRM000824,guest_key_00824,,2026-07-16T09:35:00,2026-07-16T09:56:00,housekeeping,valet wait,2,false,Guest experienced valet or parking delay at a high-friction arrival or departure moment.,closed,2026-07-16
TKT000235,PMS001534,CRM001534,guest_key_01534,339,2026-09-28T16:12:00,2026-09-28T08:56:00,front_desk,room_not_ready,4,false,Guest waited past arrival time and felt the welcome experience did not match the rate.,merged_duplicate,2026-09-29
TKT000236,PMS001013,CRM001013,guest_key_01013,397,2026-04-20T10:38:00,2026-04-20T09:21:00,housekeeping,spa recovery,4,true,Guest reported that a wellness or spa experience did not meet expectations.,closed,2026-04-22
TKT000237,,CRM000023,guest_key_00023,422,2026-01-06T09:01:00,2026-01-06T08:14:00,front_desk,noise,1,true,Guest reported disrupted rest and expected a more serene stay.,manager_review,2026-01-09
TKT000238,PMS001178,CRM001178,,327,2026-03-14T20:28:00,2026-03-14T08:25:00,food_beverage,neighbor noise,3,true,Guest reported disrupted rest and expected a more serene stay.,closed,2026-03-16
TKT000239,PMS001214,CRM001214,,302,2026-02-01T18:52:00,2026-02-01T08:02:00,rooms,room_not_ready,4,true,Guest waited past arrival time and felt the welcome experience did not match the rate.,closed,2026-02-04
TKT000240,PMS001519,CRM001519,guest_key_01519,422,2026-10-25T22:42:00,2026-10-25T08:46:00,housekeeping,folio issue,3,false,Guest questioned a charge and felt the explanation was not clear enough.,merged_duplicate,2026-10-26
TKT000241,PMS000200,,guest_key_00200,348,2026-11-06T11:26:00,2026-11-06T08:53:00,engineering,room equipment,5,true,Guest experienced a room maintenance problem requiring staff response.,closed,2026-11-06
TKT000242,PMS000191,CRM000191,guest_key_00191,306,2026-02-23T08:09:00,2026-02-23T08:12:00,engineering,wellness service,,true,Guest reported that a wellness or spa experience did not meet expectations.,closed,2026-02-25
TKT000243,PMS000972,CRM000972,guest_key_00972,460,2026-05-12T20:58:00,2026-05-12T08:41:00,spa_wellness,checkin wait,4,true,Guest waited past arrival time and felt the welcome experience did not match the rate.,closed,2026-05-15
TKT000244,PMS000554,CRM000554,guest_key_00554,,2026-10-27T17:44:00,2026-10-27T08:51:00,front_desk,cabana issue,5,false,Guest expected a signature rooftop/pool experience but encountered access friction.,closed,2026-10-29
TKT000245,PMS000245,CRM000245,guest_key_00245,307,2026-11-03T13:20:00,2026-11-03T08:44:00,front_desk,arrival delay,3,true,Guest waited past arrival time and felt the welcome experience did not match the rate.,manager_review,2026-11-03
TKT000246,PMS001410,CRM001410,guest_key_01410,336,2026-11-04T13:49:00,2026-11-04T08:23:00,housekeeping,upgrade expectation,5,true,Guest expected a more desirable room configuration and felt the assignment missed the occasion.,closed,2026-11-05
TKT000247,,CRM000547,guest_key_00547,411,2026-11-19T12:59:00,2026-11-19T09:31:00,valet,linen/turndown,3,true,Guest reported a housekeeping miss that made the room feel below luxury standard.,merged_duplicate,2026-11-19
TKT000248,PMS001452,,guest_key_01452,390,2026-04-11T08:09:00,2026-04-11T08:36:00,spa_wellness,facilities issue,2,false,Guest experienced a room maintenance problem requiring staff response.,closed,2026-04-11
TKT000249,PMS000772,,guest_key_00772,408,2026-01-15T13:43:00,2026-01-15T09:33:00,valet,engineering,1,true,Guest experienced a room maintenance problem requiring staff response.,closed,2026-01-16
TKT000250,PMS000159,CRM000159,guest_key_00159,,2026-08-08T16:41:00,2026-08-08T08:31:00,engineering,wellness service,4,true,Guest reported that a wellness or spa experience did not meet expectations.,closed,2026-08-11
TKT000251,PMS001142,,guest_key_01142,467,2026-04-13T11:47:00,2026-04-13T08:54:00,front_desk,wellness service,2,true,Guest reported that a wellness or spa experience did not meet expectations.,closed,2026-04-13
TKT000252,PMS000605,CRM000605,guest_key_00605,432,2026-02-04T14:48:00,2026-02-04T08:02:00,food_beverage,order problem,2,false,Guest had a dining or service lapse during an on-property food and beverage experience.,closed,2026-02-04
TKT000253,PMS000844,CRM000844,guest_key_00844,323,2026-09-03T10:13:00,2026-09-03T08:22:00,rooms,billing,5,false,Guest questioned a charge and felt the explanation was not clear enough.,manager_review,2026-09-06
TKT000254,PMS001449,CRM001449,guest_key_01449,402,2026-12-31T19:24:00,2026-12-31T08:29:00,rooms,valet wait,3,true,Guest experienced valet or parking delay at a high-friction arrival or departure moment.,open,2027-01-03
TKT000255,PMS000606,CRM000606,guest_key_00606,302,2026-01-14T07:00:00,2026-01-14T08:35:00,rooms,room type mismatch,4,true,Guest expected a more desirable room configuration and felt the assignment missed the occasion.,closed,2026-01-17
TKT000256,PMS000208,CRM000208,guest_key_00208,,2026-12-26T08:53:00,2026-12-26T09:50:00,housekeeping,view issue,4,true,Guest expected a more desirable room configuration and felt the assignment missed the occasion.,closed,2026-12-28
TKT000257,PMS000510,CRM000510,,338,2026-06-01T14:05:00,2026-06-01T08:34:00,front_desk,engineering,4,true,Guest experienced a room maintenance problem requiring staff response.,closed,2026-06-03
TKT000258,PMS000612,CRM000612,guest_key_00612,,2026-07-20T09:56:00,2026-07-20T09:49:00,food_beverage,restaurant issue,,true,Guest had a dining or service lapse during an on-property food and beverage experience.,closed,2026-07-20
TKT000259,PMS000643,CRM000643,guest_key_00643,336,2026-12-20T10:25:00,2026-12-20T08:16:00,front_desk,restaurant issue,2,false,Guest had a dining or service lapse during an on-property food and beverage experience.,closed,2026-12-20
TKT000260,PMS000261,,guest_key_00261,,2026-04-08T21:24:00,2026-04-08T08:31:00,front_desk,cabana issue,1,true,Guest expected a signature rooftop/pool experience but encountered access friction.,closed,2026-04-11
TKT000261,,CRM001234,guest_key_01234,,2026-08-28T09:11:00,2026-08-28T09:18:00,housekeeping,fb service,2,true,Guest had a dining or service lapse during an on-property food and beverage experience.,closed,2026-08-30
TKT000262,PMS000249,,guest_key_00249,313,2026-10-01T16:05:00,2026-10-01T08:15:00,food_beverage,valet wait,2,true,Guest experienced valet or parking delay at a high-friction arrival or departure moment.,closed,2026-10-04
TKT000263,PMS000187,CRM000187,,387,2026-02-26T14:43:00,2026-02-26T08:32:00,rooms,sleep disruption,2,true,Guest reported disrupted rest and expected a more serene stay.,closed,2026-03-01
TKT000264,PMS000805,CRM000805,guest_key_00805,426,2026-08-19T20:44:00,2026-08-19T08:58:00,front_desk,room_not_ready,4,true,Guest waited past arrival time and felt the welcome experience did not match the rate.,closed,2026-08-20
TKT000265,PMS001211,CRM001211,guest_key_01211,443,2026-11-11T18:50:00,2026-11-11T08:01:00,engineering,charge question,4,false,Guest questioned a charge and felt the explanation was not clear enough.,closed,2026-11-13
TKT000266,PMS000820,,guest_key_00820,466,2026-10-10T18:33:00,2026-10-10T08:24:00,food_beverage,car delay,1,true,Guest experienced valet or parking delay at a high-friction arrival or departure moment.,closed,2026-10-10
TKT000267,PMS000511,,guest_key_00511,430,2026-01-30T21:29:00,2026-01-30T08:05:00,rooms,billing,4,false,Guest questioned a charge and felt the explanation was not clear enough.,closed,2026-01-31
TKT000268,PMS000442,CRM000442,guest_key_00442,422,2026-06-03T16:55:00,2026-06-03T08:49:00,front_desk,treatment delay,3,true,Guest reported that a wellness or spa experience did not meet expectations.,closed,2026-06-04
TKT000269,PMS001152,CRM001152,guest_key_01152,322,2026-07-07T20:42:00,2026-07-07T08:57:00,rooms,sleep disruption,2,false,Guest reported disrupted rest and expected a more serene stay.,closed,2026-07-08
TKT000270,PMS001366,CRM001366,,304,2026-06-03T16:41:00,2026-06-03T08:48:00,front_desk,maintenance,3,true,Guest experienced a room maintenance problem requiring staff response.,closed,2026-06-05
TKT000271,PMS000412,CRM000412,guest_key_00412,345,2026-11-06T14:46:00,2026-11-06T08:23:00,housekeeping,hk miss,4,true,Guest reported a housekeeping miss that made the room feel below luxury standard.,closed,2026-11-08
TKT000272,PMS001506,,guest_key_01506,463,2026-07-04T16:47:00,2026-07-04T08:48:00,housekeeping,order problem,2,true,Guest had a dining or service lapse during an on-property food and beverage experience.,manager_review,2026-07-05
TKT000273,PMS001564,,guest_key_01564,396,2026-11-01T18:09:00,2026-11-01T08:59:00,rooms,hk miss,5,false,Guest reported a housekeeping miss that made the room feel below luxury standard.,closed,2026-11-01
TKT000274,PMS000954,CRM000954,,,2026-01-08T13:50:00,2026-01-08T08:26:00,rooms,order problem,1,false,Guest had a dining or service lapse during an on-property food and beverage experience.,closed,2026-01-09
TKT000275,,CRM000431,,325,2026-05-13T20:22:00,2026-05-13T08:46:00,rooms,neighbor noise,2,true,Guest reported disrupted rest and expected a more serene stay.,closed,2026-05-15
TKT000276,,CRM001305,guest_key_01305,423,2026-04-24T15:17:00,2026-04-24T08:01:00,spa_wellness,view issue,,true,Guest expected a more desirable room configuration and felt the assignment missed the occasion.,manager_review,2026-04-25
TKT000277,PMS000925,CRM000925,,,2026-08-14T17:30:00,2026-08-14T08:57:00,housekeeping,late room,4,false,Guest waited past arrival time and felt the welcome experience did not match the rate.,closed,2026-08-14
TKT000278,PMS000921,CRM000921,guest_key_00921,,2026-01-19T18:37:00,2026-01-19T08:48:00,engineering,arrival delay,1,true,Guest waited past arrival time and felt the welcome experience did not match the rate.,closed,2026-01-22
TKT000279,PMS000617,CRM000617,guest_key_00617,,2026-06-30T19:45:00,2026-06-30T10:30:00,rooms,arrival valet,2,true,Guest experienced valet or parking delay at a high-friction arrival or departure moment.,closed,2026-07-02
TKT000280,PMS001360,CRM001360,guest_key_01360,407,2026-05-03T08:25:00,2026-05-03T08:18:00,front_desk,checkin wait,4,true,Guest waited past arrival time and felt the welcome experience did not match the rate.,manager_review,2026-05-06
TKT000281,PMS001162,CRM001162,guest_key_01162,382,2026-05-03T09:00:00,2026-05-03T08:23:00,front_desk,order problem,2,true,Guest had a dining or service lapse during an on-property food and beverage experience.,closed,2026-05-06
TKT000282,PMS000871,CRM000871,guest_key_00871,,2026-07-08T14:20:00,2026-07-08T08:37:00,food_beverage,linen/turndown,,false,Guest reported a housekeeping miss that made the room feel below luxury standard.,open,2026-07-08
TKT000283,PMS001107,CRM001107,guest_key_01107,429,2026-11-25T13:36:00,2026-11-25T08:46:00,rooms,wellness service,,true,Guest reported that a wellness or spa experience did not meet expectations.,manager_review,2026-11-25
TKT000284,,,guest_key_00675,392,2026-04-06T09:12:00,2026-04-06T08:53:00,rooms,linen/turndown,,true,Guest reported a housekeeping miss that made the room feel below luxury standard.,closed,2026-04-09
TKT000285,,,guest_key_00680,450,2026-02-08T17:05:00,2026-02-08T08:01:00,front_desk,linen/turndown,4,false,Guest reported a housekeeping miss that made the room feel below luxury standard.,closed,2026-02-08
TKT000286,,CRM000104,guest_key_00104,,2026-02-01T18:17:00,2026-02-01T08:35:00,food_beverage,room_not_ready,,true,Guest waited past arrival time and felt the welcome experience did not match the rate.,closed,2026-02-02
TKT000287,PMS000751,CRM000751,guest_key_00751,380,2026-07-04T09:53:00,2026-07-04T08:34:00,front_desk,fee dispute,2,true,Guest questioned a charge and felt the explanation was not clear enough.,closed,2026-07-07
TKT000288,PMS001475,CRM001475,guest_key_01475,303,2026-11-13T09:57:00,2026-11-13T08:34:00,engineering,pool access,,true,Guest expected a signature rooftop/pool experience but encountered access friction.,closed,2026-11-13
TKT000289,,,guest_key_00308,,2026-10-24T07:25:00,2026-10-24T08:28:00,engineering,room clean issue,4,true,Guest reported a housekeeping miss that made the room feel below luxury standard.,closed,2026-10-27
TKT000290,PMS000492,CRM000492,guest_key_00492,,2026-07-20T22:10:00,2026-07-20T10:27:00,front_desk,valet wait,3,true,Guest experienced valet or parking delay at a high-friction arrival or departure moment.,manager_review,2026-07-22
TKT000291,PMS001461,CRM001461,guest_key_01461,306,2026-01-28T13:45:00,2026-01-28T08:15:00,front_desk,view issue,5,true,Guest expected a more desirable room configuration and felt the assignment missed the occasion.,closed,2026-01-29
TKT000292,PMS000151,CRM000151,guest_key_00151,304,2026-06-25T13:16:00,2026-06-25T08:43:00,food_beverage,charge question,2,false,Guest questioned a charge and felt the explanation was not clear enough.,closed,2026-06-28
TKT000293,PMS000655,CRM000655,guest_key_00655,,2026-06-20T17:28:00,2026-06-20T08:29:00,front_desk,order problem,2,true,Guest had a dining or service lapse during an on-property food and beverage experience.,closed,2026-06-22
TKT000294,PMS000122,CRM000122,guest_key_00122,323,2026-06-29T15:53:00,2026-06-29T08:05:00,front_desk,neighbor noise,3,true,Guest reported disrupted rest and expected a more serene stay.,manager_review,2026-07-02
TKT000295,PMS000143,,guest_key_00143,461,2026-06-17T07:20:00,2026-06-17T08:53:00,housekeeping,room type mismatch,2,true,Guest expected a more desirable room configuration and felt the assignment missed the occasion.,manager_review,2026-06-17
TKT000296,PMS000101,CRM000101,guest_key_00101,310,2026-12-28T13:18:00,2026-12-28T08:57:00,engineering,fb service,2,true,Guest had a dining or service lapse during an on-property food and beverage experience.,closed,2026-12-31
TKT000297,PMS000329,CRM000329,guest_key_00329,,2026-12-25T10:57:00,2026-12-25T08:02:00,rooms,fee dispute,5,true,Guest questioned a charge and felt the explanation was not clear enough.,closed,2026-12-28
TKT000298,,CRM000402,guest_key_00402,314,2026-02-18T11:49:00,2026-02-18T08:00:00,engineering,spa issue,1,true,Guest reported that a wellness or spa experience did not meet expectations.,closed,2026-02-21
TKT000299,PMS000090,CRM000090,guest_key_00090,399,2026-10-09T22:45:00,2026-10-09T08:37:00,engineering,restaurant issue,2,true,Guest had a dining or service lapse during an on-property food and beverage experience.,closed,2026-10-10
TKT000300,PMS001262,CRM001262,guest_key_01262,399,2026-09-16T07:44:00,2026-09-16T08:17:00,food_beverage,order problem,2,true,Guest had a dining or service lapse during an on-property food and beverage experience.,closed,2026-09-17
TKT000301,PMS001284,CRM001284,guest_key_01284,405,2026-10-31T07:26:00,2026-10-31T08:54:00,rooms,linen/turndown,4,true,Guest reported a housekeeping miss that made the room feel below luxury standard.,closed,2026-10-31
TKT000302,PMS000008,,guest_key_00008,,2026-08-06T11:09:00,2026-08-06T08:41:00,front_desk,restaurant issue,3,true,Guest had a dining or service lapse during an on-property food and beverage experience.,closed,2026-08-07
TKT000303,PMS000544,CRM000544,guest_key_00544,,2026-07-20T15:28:00,2026-07-20T08:28:00,rooms,wrong room,,true,Guest expected a more desirable room configuration and felt the assignment missed the occasion.,closed,2026-07-20
TKT000304,PMS001306,CRM001306,guest_key_01306,399,2026-10-25T20:43:00,2026-10-25T08:31:00,front_desk,arrival delay,3,true,Guest waited past arrival time and felt the welcome experience did not match the rate.,closed,2026-10-25
TKT000305,PMS001474,CRM001474,,,2026-05-01T09:49:00,2026-05-01T09:18:00,engineering,hk miss,3,true,Guest reported a housekeeping miss that made the room feel below luxury standard.,manager_review,2026-05-02
TKT000306,PMS000951,CRM000951,guest_key_00951,,2026-07-19T21:09:00,2026-07-19T08:31:00,engineering,car delay,3,true,Guest experienced valet or parking delay at a high-friction arrival or departure moment.,open,2026-07-22
TKT000307,PMS000437,CRM000437,guest_key_00437,,2026-10-31T08:25:00,2026-10-31T08:56:00,rooms,housekeeping,3,false,Guest reported a housekeeping miss that made the room feel below luxury standard.,manager_review,2026-11-01
TKT000308,PMS000847,CRM000847,guest_key_00847,463,2026-12-21T16:15:00,2026-12-21T08:53:00,rooms,facilities issue,,false,Guest experienced a room maintenance problem requiring staff response.,closed,2026-12-23
TKT000309,,CRM001027,,473,2026-01-06T08:56:00,2026-01-06T08:26:00,spa_wellness,room type mismatch,3,false,Guest expected a more desirable room configuration and felt the assignment missed the occasion.,closed,2026-01-09
TKT000310,,CRM001438,guest_key_01438,343,2026-02-24T12:01:00,2026-02-24T08:54:00,engineering,housekeeping,,true,Guest reported a housekeeping miss that made the room feel below luxury standard.,closed,2026-02-24
TKT000311,PMS001192,CRM001192,guest_key_01192,,2026-03-29T09:34:00,2026-03-29T08:53:00,front_desk,pool wait,3,false,Guest expected a signature rooftop/pool experience but encountered access friction.,closed,2026-03-30
TKT000312,,CRM001368,guest_key_01368,351,2026-01-07T22:56:00,2026-01-07T08:21:00,rooms,pool access,2,false,Guest expected a signature rooftop/pool experience but encountered access friction.,manager_review,2026-01-10
TKT000313,PMS000636,CRM000636,guest_key_00636,445,2026-10-08T09:25:00,2026-10-08T08:20:00,front_desk,hk miss,5,true,Guest reported a housekeeping miss that made the room feel below luxury standard.,closed,2026-10-09
TKT000314,,CRM000520,guest_key_00520,346,2026-03-19T07:44:00,2026-03-19T08:09:00,engineering,room_not_ready,2,true,Guest waited past arrival time and felt the welcome experience did not match the rate.,closed,2026-03-19
TKT000315,PMS000443,CRM000443,guest_key_00443,,2026-03-18T22:49:00,2026-03-18T08:07:00,front_desk,maintenance,4,true,Guest experienced a room maintenance problem requiring staff response.,closed,2026-03-21
TKT000316,PMS000818,,guest_key_00818,,2026-08-26T07:49:00,2026-08-26T08:26:00,housekeeping,room type mismatch,4,true,Guest expected a more desirable room configuration and felt the assignment missed the occasion.,closed,2026-08-26
TKT000317,PMS001558,CRM001558,guest_key_01558,336,2026-08-06T22:48:00,2026-08-06T08:56:00,rooms,car delay,,true,Guest experienced valet or parking delay at a high-friction arrival or departure moment.,closed,2026-08-08
TKT000318,PMS001523,CRM001523,guest_key_01523,345,2026-11-09T22:47:00,2026-11-09T08:18:00,spa_wellness,linen/turndown,1,false,Guest reported a housekeeping miss that made the room feel below luxury standard.,closed,2026-11-10
TKT000319,PMS001391,CRM001391,guest_key_01391,,2026-09-13T21:50:00,2026-09-13T08:15:00,front_desk,room equipment,3,false,Guest experienced a room maintenance problem requiring staff response.,closed,2026-09-16
TKT000320,PMS001416,CRM001416,guest_key_01416,378,2026-11-05T19:29:00,2026-11-05T09:15:00,rooms,cabana issue,1,false,Guest expected a signature rooftop/pool experience but encountered access friction.,closed,2026-11-07
TKT000321,PMS000666,CRM000666,guest_key_00666,337,2026-10-24T15:35:00,2026-10-24T08:43:00,engineering,spa recovery,2,false,Guest reported that a wellness or spa experience did not meet expectations.,manager_review,2026-10-27
TKT000322,PMS000163,CRM000163,guest_key_00163,372,2026-10-30T19:07:00,2026-10-30T09:13:00,rooms,dining delay,,true,Guest had a dining or service lapse during an on-property food and beverage experience.,closed,2026-10-30
TKT000323,PMS000649,CRM000649,guest_key_00649,384,2026-08-20T11:15:00,2026-08-20T08:22:00,food_beverage,maintenance,4,true,Guest experienced a room maintenance problem requiring staff response.,closed,2026-08-22
TKT000324,PMS001195,CRM001195,guest_key_01195,330,2026-09-16T14:05:00,2026-09-16T08:38:00,rooms,hk miss,5,true,Guest reported a housekeeping miss that made the room feel below luxury standard.,closed,2026-09-16
TKT000325,PMS000825,,guest_key_00825,408,2026-11-06T11:55:00,2026-11-06T09:46:00,front_desk,cabana issue,2,true,Guest expected a signature rooftop/pool experience but encountered access friction.,closed,2026-11-07
TKT000326,PMS001587,CRM001587,guest_key_01587,317,2026-07-10T13:06:00,2026-07-10T09:34:00,front_desk,room equipment,2,false,Guest experienced a room maintenance problem requiring staff response.,closed,2026-07-11
TKT000327,PMS000073,,guest_key_00073,349,2026-07-30T08:30:00,2026-07-30T08:32:00,front_desk,car delay,3,true,Guest experienced valet or parking delay at a high-friction arrival or departure moment.,closed,2026-08-01
TKT000328,PMS000045,CRM000045,,466,2026-04-20T20:20:00,2026-04-20T08:28:00,spa_wellness,checkin wait,5,true,Guest waited past arrival time and felt the welcome experience did not match the rate.,merged_duplicate,2026-04-21
TKT000329,PMS000661,CRM000661,guest_key_00661,,2026-08-20T11:40:00,2026-08-20T09:24:00,rooms,rooftop issue,1,true,Guest expected a signature rooftop/pool experience but encountered access friction.,closed,2026-08-21
TKT000330,PMS000992,CRM000992,guest_key_00992,468,2026-04-13T16:00:00,2026-04-13T08:18:00,housekeeping,arrival valet,3,true,Guest experienced valet or parking delay at a high-friction arrival or departure moment.,merged_duplicate,2026-04-13
TKT000331,PMS001589,CRM001589,guest_key_01589,,2026-07-08T17:02:00,2026-07-08T08:14:00,rooms,sleep disruption,4,false,Guest reported disrupted rest and expected a more serene stay.,merged_duplicate,2026-07-11
TKT000332,PMS000830,CRM000830,guest_key_00830,341,2026-01-07T11:50:00,2026-01-07T08:16:00,rooms,order problem,1,false,Guest had a dining or service lapse during an on-property food and beverage experience.,closed,2026-01-10
TKT000333,PMS000391,CRM000391,,,2026-09-12T13:18:00,2026-09-12T08:52:00,rooms,late room,4,true,Guest waited past arrival time and felt the welcome experience did not match the rate.,manager_review,2026-09-12
TKT000334,PMS000856,CRM000856,guest_key_00856,465,2026-06-04T22:32:00,2026-06-04T08:52:00,food_beverage,cabana issue,3,false,Guest expected a signature rooftop/pool experience but encountered access friction.,closed,2026-06-06
TKT000335,PMS000646,CRM000646,guest_key_00646,352,2026-12-10T07:26:00,2026-12-10T10:46:00,rooms,engineering,,true,Guest experienced a room maintenance problem requiring staff response.,closed,2026-12-10
TKT000336,PMS000176,CRM000176,guest_key_00176,,2026-02-17T08:48:00,2026-02-17T08:00:00,housekeeping,linen/turndown,2,true,Guest reported a housekeeping miss that made the room feel below luxury standard.,closed,2026-02-18
TKT000337,PMS001324,CRM001324,guest_key_01324,362,2026-01-15T07:30:00,2026-01-15T08:32:00,rooms,linen/turndown,4,true,Guest reported a housekeeping miss that made the room feel below luxury standard.,merged_duplicate,2026-01-17
TKT000338,PMS001138,CRM001138,guest_key_01138,433,2026-06-28T15:37:00,2026-06-28T08:51:00,spa_wellness,housekeeping,,true,Guest reported a housekeeping miss that made the room feel below luxury standard.,closed,2026-06-28
TKT000339,,CRM001011,guest_key_01011,,2026-07-10T14:47:00,2026-07-10T08:34:00,engineering,order problem,2,true,Guest had a dining or service lapse during an on-property food and beverage experience.,closed,2026-07-13
TKT000340,PMS001562,CRM001562,guest_key_01562,452,2026-10-19T08:01:00,2026-10-19T08:24:00,front_desk,linen/turndown,,true,Guest reported a housekeeping miss that made the room feel below luxury standard.,closed,2026-10-21
TKT000341,,,guest_key_01067,381,2026-07-14T18:35:00,2026-07-14T08:07:00,front_desk,pool wait,3,false,Guest expected a signature rooftop/pool experience but encountered access friction.,closed,2026-07-14
TKT000342,PMS000557,CRM000557,guest_key_00557,315,2026-01-27T21:01:00,2026-01-27T08:08:00,rooms,spa issue,3,true,Guest reported that a wellness or spa experience did not meet expectations.,closed,2026-01-30
TKT000343,PMS000432,CRM000432,guest_key_00432,368,2026-08-23T17:30:00,2026-08-23T08:56:00,engineering,treatment delay,3,true,Guest reported that a wellness or spa experience did not meet expectations.,closed,2026-08-24
TKT000344,PMS001403,CRM001403,guest_key_01403,319,2026-09-09T19:40:00,2026-09-09T09:36:00,rooms,cabana issue,3,true,Guest expected a signature rooftop/pool experience but encountered access friction.,closed,2026-09-10
TKT000345,PMS000437,,guest_key_00437,307,2026-10-31T17:32:00,2026-10-31T08:31:00,rooms,valet wait,3,true,Guest experienced valet or parking delay at a high-friction arrival or departure moment.,closed,2026-11-03
TKT000346,PMS000447,CRM000447,guest_key_00447,415,2026-03-16T08:38:00,2026-03-16T08:06:00,engineering,view issue,2,true,Guest expected a more desirable room configuration and felt the assignment missed the occasion.,closed,2026-03-19
TKT000347,PMS001549,CRM001549,guest_key_01549,443,2026-07-14T11:09:00,2026-07-14T08:50:00,engineering,pool access,2,false,Guest expected a signature rooftop/pool experience but encountered access friction.,closed,2026-07-14
TKT000348,PMS000611,CRM000611,guest_key_00611,352,2026-05-19T12:56:00,2026-05-19T10:08:00,front_desk,arrival valet,3,true,Guest experienced valet or parking delay at a high-friction arrival or departure moment.,closed,2026-05-22
TKT000349,PMS001359,CRM001359,guest_key_01359,318,2026-10-31T20:32:00,2026-10-31T08:02:00,engineering,restaurant issue,2,false,Guest had a dining or service lapse during an on-property food and beverage experience.,closed,2026-11-02
TKT000350,PMS000716,CRM000716,guest_key_00716,339,2026-12-01T14:14:00,2026-12-01T08:21:00,spa_wellness,checkin wait,2,true,Guest waited past arrival time and felt the welcome experience did not match the rate.,closed,2026-12-01
TKT000351,PMS000737,CRM000737,guest_key_00737,432,2026-11-21T17:34:00,2026-11-21T08:56:00,housekeeping,room_not_ready,4,false,Guest waited past arrival time and felt the welcome experience did not match the rate.,manager_review,2026-11-21
TKT000352,PMS000365,CRM000365,guest_key_00365,388,2026-05-28T16:35:00,2026-05-28T08:45:00,front_desk,maintenance,2,true,Guest experienced a room maintenance problem requiring staff response.,closed,2026-05-31
TKT000353,PMS000054,CRM000054,guest_key_00054,445,2026-06-20T15:28:00,2026-06-20T08:01:00,engineering,street noise,2,true,Guest reported disrupted rest and expected a more serene stay.,open,2026-06-22
TKT000354,PMS000311,CRM000311,guest_key_00311,315,2026-12-28T22:22:00,2026-12-28T08:39:00,rooms,pool access,2,true,Guest expected a signature rooftop/pool experience but encountered access friction.,closed,2026-12-29
TKT000355,PMS000027,CRM000027,guest_key_00027,435,2026-12-29T18:55:00,2026-12-29T08:56:00,food_beverage,arrival delay,4,true,Guest waited past arrival time and felt the welcome experience did not match the rate.,closed,2026-12-31
TKT000356,PMS001146,CRM001146,guest_key_01146,372,2026-08-02T17:01:00,2026-08-02T08:05:00,engineering,folio issue,,false,Guest questioned a charge and felt the explanation was not clear enough.,closed,2026-08-04
TKT000357,PMS001032,CRM001032,guest_key_01032,302,2026-06-27T13:32:00,2026-06-27T08:48:00,rooms,room type mismatch,4,true,Guest expected a more desirable room configuration and felt the assignment missed the occasion.,closed,2026-06-29
TKT000358,PMS000651,CRM000651,guest_key_00651,316,2026-07-26T19:44:00,2026-07-26T08:57:00,front_desk,arrival valet,2,false,Guest experienced valet or parking delay at a high-friction arrival or departure moment.,closed,2026-07-29
TKT000359,PMS001553,CRM001553,guest_key_01553,307,2026-02-28T08:34:00,2026-02-28T08:37:00,front_desk,housekeeping,3,true,Guest reported a housekeeping miss that made the room feel below luxury standard.,closed,2026-03-02
TKT000360,PMS001594,CRM001594,guest_key_01594,340,2026-05-14T12:52:00,2026-05-14T08:07:00,food_beverage,neighbor noise,3,true,Guest reported disrupted rest and expected a more serene stay.,closed,2026-05-14
TKT000361,PMS001373,CRM001373,guest_key_01373,405,2026-02-04T08:21:00,2026-02-04T08:43:00,front_desk,noise,3,false,Guest reported disrupted rest and expected a more serene stay.,closed,2026-02-05
TKT000362,PMS000780,,guest_key_00780,428,2026-06-18T13:45:00,2026-06-18T09:40:00,front_desk,room_not_ready,4,true,Guest waited past arrival time and felt the welcome experience did not match the rate.,closed,2026-06-21
TKT000363,PMS001053,CRM001053,guest_key_01053,,2026-06-20T13:37:00,2026-06-20T08:52:00,food_beverage,cabana issue,3,true,Guest expected a signature rooftop/pool experience but encountered access friction.,closed,2026-06-22
TKT000364,PMS000086,,guest_key_00086,403,2026-02-07T16:40:00,2026-02-07T08:06:00,spa_wellness,late room,3,true,Guest waited past arrival time and felt the welcome experience did not match the rate.,closed,2026-02-08
TKT000365,,CRM000357,guest_key_00357,336,2026-06-03T19:15:00,2026-06-03T08:31:00,engineering,room_not_ready,4,true,Guest waited past arrival time and felt the welcome experience did not match the rate.,manager_review,2026-06-03
TKT000366,PMS001535,CRM001535,guest_key_01535,308,2026-11-27T09:43:00,2026-11-27T10:15:00,front_desk,pool access,2,true,Guest expected a signature rooftop/pool experience but encountered access friction.,closed,2026-11-30
TKT000367,PMS001160,CRM001160,guest_key_01160,,2026-01-01T12:32:00,2026-01-01T08:43:00,rooms,dining delay,3,true,Guest had a dining or service lapse during an on-property food and beverage experience.,open,2026-01-01
TKT000368,PMS001039,CRM001039,guest_key_01039,320,2026-05-01T11:58:00,2026-05-01T08:56:00,housekeeping,wellness service,3,false,Guest reported that a wellness or spa experience did not meet expectations.,closed,2026-05-03
TKT000369,PMS000993,,guest_key_00993,405,2026-02-15T13:52:00,2026-02-15T08:11:00,rooms,engineering,3,true,Guest experienced a room maintenance problem requiring staff response.,closed,2026-02-17
TKT000370,PMS000834,,guest_key_00834,,2026-06-19T11:15:00,2026-06-19T08:46:00,food_beverage,street noise,3,false,Guest reported disrupted rest and expected a more serene stay.,closed,2026-06-19
TKT000371,PMS000134,CRM000134,guest_key_00134,305,2026-11-28T19:03:00,2026-11-28T08:01:00,food_beverage,facilities issue,,true,Guest experienced a room maintenance problem requiring staff response.,closed,2026-11-28
TKT000372,PMS001238,CRM001238,,,2026-07-10T13:47:00,2026-07-10T08:13:00,housekeeping,room_not_ready,4,true,Guest waited past arrival time and felt the welcome experience did not match the rate.,closed,2026-07-11
TKT000373,PMS001572,,guest_key_01572,371,2026-08-17T20:29:00,2026-08-17T08:40:00,rooms,engineering,3,false,Guest experienced a room maintenance problem requiring staff response.,closed,2026-08-19
TKT000374,PMS000044,CRM000044,guest_key_00044,414,2026-11-04T17:40:00,2026-11-04T08:53:00,housekeeping,folio issue,3,false,Guest questioned a charge and felt the explanation was not clear enough.,closed,2026-11-04
TKT000375,PMS001163,CRM001163,guest_key_01163,407,2026-10-31T11:12:00,2026-10-31T08:52:00,food_beverage,room clean issue,,true,Guest reported a housekeeping miss that made the room feel below luxury standard.,closed,2026-11-01
TKT000376,PMS000123,CRM000123,guest_key_00123,340,2026-10-29T15:08:00,2026-10-29T08:25:00,valet,noise,2,true,Guest reported disrupted rest and expected a more serene stay.,closed,2026-11-01
TKT000377,,CRM000946,guest_key_00946,345,2026-12-07T21:09:00,2026-12-07T08:40:00,housekeeping,late room,3,true,Guest waited past arrival time and felt the welcome experience did not match the rate.,open,2026-12-10
TKT000378,PMS000776,CRM000776,guest_key_00776,367,2026-02-27T15:20:00,2026-02-27T08:13:00,rooms,dining delay,2,false,Guest had a dining or service lapse during an on-property food and beverage experience.,closed,2026-02-27
TKT000379,PMS000609,CRM000609,,,2026-04-10T16:30:00,2026-04-10T09:43:00,food_beverage,spa issue,3,true,Guest reported that a wellness or spa experience did not meet expectations.,closed,2026-04-10
TKT000380,PMS000537,,guest_key_00537,384,2026-05-18T15:22:00,2026-05-18T08:59:00,food_beverage,parking,4,true,Guest experienced valet or parking delay at a high-friction arrival or departure moment.,closed,2026-05-19
TKT000381,PMS001345,CRM001345,guest_key_01345,403,2026-12-01T15:16:00,2026-12-01T08:45:00,engineering,housekeeping,3,true,Guest reported a housekeeping miss that made the room feel below luxury standard.,closed,2026-12-03
TKT000382,PMS001504,CRM001504,guest_key_01504,310,2026-02-04T19:20:00,2026-02-04T08:40:00,engineering,facilities issue,5,true,Guest experienced a room maintenance problem requiring staff response.,closed,2026-02-04
TKT000383,PMS000582,CRM000582,guest_key_00582,413,2026-10-23T08:52:00,2026-10-23T08:46:00,rooms,sleep disruption,1,true,Guest reported disrupted rest and expected a more serene stay.,closed,2026-10-26
TKT000384,PMS000267,CRM000267,guest_key_00267,311,2026-01-30T19:03:00,2026-01-30T08:18:00,front_desk,parking,,true,Guest experienced valet or parking delay at a high-friction arrival or departure moment.,closed,2026-01-30
TKT000385,PMS000612,,guest_key_00612,392,2026-07-20T09:32:00,2026-07-20T08:51:00,rooms,engineering,,true,Guest experienced a room maintenance problem requiring staff response.,closed,2026-07-22
TKT000386,PMS000082,,,,2026-07-29T09:00:00,2026-07-29T09:21:00,housekeeping,parking,2,true,Guest experienced valet or parking delay at a high-friction arrival or departure moment.,closed,2026-07-31
TKT000387,PMS000990,CRM000990,guest_key_00990,,2026-04-21T08:13:00,2026-04-21T08:15:00,front_desk,upgrade expectation,4,false,Guest expected a more desirable room configuration and felt the assignment missed the occasion.,closed,2026-04-21
TKT000388,PMS000898,,guest_key_00898,360,2026-11-16T19:51:00,2026-11-16T08:37:00,food_beverage,dining delay,2,true,Guest had a dining or service lapse during an on-property food and beverage experience.,manager_review,2026-11-17
TKT000389,PMS001073,CRM001073,guest_key_01073,408,2026-07-17T22:08:00,2026-07-17T08:02:00,front_desk,fee dispute,,true,Guest questioned a charge and felt the explanation was not clear enough.,closed,2026-07-19
TKT000390,PMS001075,CRM001075,guest_key_01075,338,2026-06-09T11:18:00,2026-06-09T08:28:00,engineering,order problem,2,true,Guest had a dining or service lapse during an on-property food and beverage experience.,closed,2026-06-12
TKT000391,PMS000810,,guest_key_00810,353,2026-08-20T22:33:00,2026-08-20T08:27:00,food_beverage,pool access,1,true,Guest expected a signature rooftop/pool experience but encountered access friction.,closed,2026-08-20
TKT000392,PMS000642,CRM000642,guest_key_00642,332,2026-09-20T10:05:00,2026-09-20T08:32:00,rooms,room equipment,5,true,Guest experienced a room maintenance problem requiring staff response.,closed,2026-09-21
TKT000393,PMS001442,,guest_key_01442,371,2026-02-13T13:39:00,2026-02-13T08:48:00,food_beverage,linen/turndown,4,false,Guest reported a housekeeping miss that made the room feel below luxury standard.,closed,2026-02-13
TKT000394,PMS000865,CRM000865,guest_key_00865,305,2026-05-16T10:31:00,2026-05-16T08:50:00,food_beverage,cabana issue,3,false,Guest expected a signature rooftop/pool experience but encountered access friction.,closed,2026-05-18
TKT000395,PMS001382,CRM001382,guest_key_01382,,2026-11-30T16:19:00,2026-11-30T08:48:00,front_desk,fee dispute,2,false,Guest questioned a charge and felt the explanation was not clear enough.,closed,2026-11-30
TKT000396,PMS000375,CRM000375,guest_key_00375,,2026-09-08T17:48:00,2026-09-08T08:29:00,rooms,wrong room,2,true,Guest expected a more desirable room configuration and felt the assignment missed the occasion.,closed,2026-09-09
TKT000397,PMS000109,CRM000109,guest_key_00109,,2026-06-28T18:34:00,2026-06-28T08:20:00,front_desk,sleep disruption,,true,Guest reported disrupted rest and expected a more serene stay.,closed,2026-06-29
TKT000398,PMS001422,CRM001422,guest_key_01422,378,2026-12-14T14:34:00,2026-12-14T08:08:00,housekeeping,room clean issue,2,true,Guest reported a housekeeping miss that made the room feel below luxury standard.,closed,2026-12-14
TKT000399,PMS000248,CRM000248,guest_key_00248,375,2026-03-26T14:56:00,2026-03-26T08:19:00,front_desk,room clean issue,2,true,Guest reported a housekeeping miss that made the room feel below luxury standard.,closed,2026-03-27
TKT000400,PMS000138,CRM000138,guest_key_00138,,2026-07-19T15:20:00,2026-07-19T08:13:00,engineering,facilities issue,2,true,Guest experienced a room maintenance problem requiring staff response.,closed,2026-07-21
TKT000401,PMS001504,CRM001504,guest_key_01504,310,2026-02-04T21:42:00,2026-02-04T09:34:00,housekeeping,hk miss,5,true,Guest reported a housekeeping miss that made the room feel below luxury standard.,closed,2026-02-07
TKT000402,PMS000660,CRM000660,guest_key_00660,351,2026-12-01T09:34:00,2026-12-01T08:34:00,rooms,noise,,true,Guest reported disrupted rest and expected a more serene stay.,manager_review,2026-12-04
TKT000403,PMS000793,CRM000793,guest_key_00793,404,2026-07-30T22:54:00,2026-07-30T08:35:00,rooms,arrival delay,5,true,Guest waited past arrival time and felt the welcome experience did not match the rate.,open,2026-07-31
TKT000404,PMS000961,CRM000961,guest_key_00961,459,2026-10-31T15:32:00,2026-10-31T08:53:00,engineering,folio issue,3,false,Guest questioned a charge and felt the explanation was not clear enough.,closed,2026-11-03
TKT000405,PMS000315,CRM000315,,467,2026-07-27T17:41:00,2026-07-27T08:02:00,front_desk,spa issue,5,false,Guest reported that a wellness or spa experience did not meet expectations.,closed,2026-07-29
TKT000406,PMS000854,CRM000854,guest_key_00854,325,2026-07-20T10:00:00,2026-07-20T08:12:00,front_desk,facilities issue,5,true,Guest experienced a room maintenance problem requiring staff response.,closed,2026-07-22
TKT000407,PMS000563,CRM000563,guest_key_00563,423,2026-07-12T15:44:00,2026-07-12T08:25:00,front_desk,room_not_ready,4,false,Guest waited past arrival time and felt the welcome experience did not match the rate.,manager_review,2026-07-13
TKT000408,PMS000958,,guest_key_00958,437,2026-08-13T09:38:00,2026-08-13T08:13:00,housekeeping,linen/turndown,3,true,Guest reported a housekeeping miss that made the room feel below luxury standard.,manager_review,2026-08-13
TKT000409,PMS000900,CRM000900,,354,2026-01-11T14:59:00,2026-01-11T08:15:00,engineering,room equipment,5,false,Guest experienced a room maintenance problem requiring staff response.,closed,2026-01-12
TKT000410,,,guest_key_00058,318,2026-11-19T21:01:00,2026-11-19T08:09:00,front_desk,late room,2,true,Guest waited past arrival time and felt the welcome experience did not match the rate.,closed,2026-11-20
TKT000411,PMS001524,CRM001524,guest_key_01524,,2026-09-06T22:39:00,2026-09-06T08:46:00,rooms,rooftop issue,3,true,Guest expected a signature rooftop/pool experience but encountered access friction.,closed,2026-09-09
TKT000412,PMS000310,,guest_key_00310,381,2026-02-06T13:51:00,2026-02-06T08:31:00,housekeeping,restaurant issue,3,true,Guest had a dining or service lapse during an on-property food and beverage experience.,closed,2026-02-08
TKT000413,PMS001177,CRM001177,guest_key_01177,446,2026-01-20T09:54:00,2026-01-20T08:49:00,housekeeping,rooftop issue,1,true,Guest expected a signature rooftop/pool experience but encountered access friction.,closed,2026-01-22
TKT000414,,CRM000510,,338,2026-06-01T14:22:00,2026-06-01T08:14:00,food_beverage,upgrade expectation,3,true,Guest expected a more desirable room configuration and felt the assignment missed the occasion.,closed,2026-06-02
TKT000415,PMS000118,CRM000118,guest_key_00118,333,2026-06-27T19:56:00,2026-06-27T08:53:00,housekeeping,street noise,3,false,Guest reported disrupted rest and expected a more serene stay.,closed,2026-06-27
TKT000416,PMS001254,,guest_key_01254,474,2026-08-20T15:28:00,2026-08-20T08:26:00,rooms,late room,2,true,Guest waited past arrival time and felt the welcome experience did not match the rate.,open,2026-08-21
TKT000417,,,guest_key_00906,351,2026-08-20T11:20:00,2026-08-20T08:52:00,engineering,arrival valet,1,true,Guest experienced valet or parking delay at a high-friction arrival or departure moment.,closed,2026-08-22
TKT000418,PMS000848,,guest_key_00848,388,2026-07-13T19:54:00,2026-07-13T08:37:00,engineering,room clean issue,2,false,Guest reported a housekeeping miss that made the room feel below luxury standard.,open,2026-07-16
TKT000419,PMS001074,,guest_key_01074,,2026-05-22T12:19:00,2026-05-22T08:37:00,rooms,linen/turndown,4,true,Guest reported a housekeeping miss that made the room feel below luxury standard.,closed,2026-05-22
TKT000420,PMS001486,CRM001486,guest_key_01486,357,2026-03-07T10:15:00,2026-03-07T08:00:00,rooms,arrival delay,2,true,Guest waited past arrival time and felt the welcome experience did not match the rate.,closed,2026-03-09
TKT000421,PMS001381,,guest_key_01381,435,2026-02-25T15:31:00,2026-02-25T08:06:00,front_desk,arrival delay,2,true,Guest waited past arrival time and felt the welcome experience did not match the rate.,closed,2026-02-27
TKT000422,PMS000352,CRM000352,guest_key_00352,371,2026-02-21T13:19:00,2026-02-21T08:11:00,rooms,sleep disruption,3,true,Guest reported disrupted rest and expected a more serene stay.,closed,2026-02-21
TKT000423,PMS001226,CRM001226,guest_key_01226,336,2027-01-02T16:36:00,2027-01-02T08:34:00,front_desk,linen/turndown,3,true,Guest reported a housekeeping miss that made the room feel below luxury standard.,closed,2027-01-02
TKT000424,,CRM001526,guest_key_01526,347,2026-01-22T10:32:00,2026-01-22T08:41:00,valet,view issue,3,true,Guest expected a more desirable room configuration and felt the assignment missed the occasion.,manager_review,2026-01-22
TKT000425,PMS000434,CRM000434,guest_key_00434,417,2026-06-28T08:29:00,2026-06-28T08:29:00,engineering,hk miss,,false,Guest reported a housekeeping miss that made the room feel below luxury standard.,closed,2026-06-28
TKT000426,,,guest_key_00696,409,2026-03-08T19:54:00,2026-03-08T08:43:00,valet,order problem,3,true,Guest had a dining or service lapse during an on-property food and beverage experience.,closed,2026-03-09
TKT000427,PMS001571,CRM001571,guest_key_01571,,2026-06-07T20:29:00,2026-06-07T08:48:00,housekeeping,room_not_ready,4,true,Guest waited past arrival time and felt the welcome experience did not match the rate.,closed,2026-06-10
TKT000428,PMS001031,CRM001031,,319,2026-08-10T16:40:00,2026-08-10T08:27:00,rooms,street noise,3,true,Guest reported disrupted rest and expected a more serene stay.,closed,2026-08-10
TKT000429,PMS000052,CRM000052,guest_key_00052,384,2026-09-29T20:00:00,2026-09-29T08:06:00,rooms,cabana issue,2,true,Guest expected a signature rooftop/pool experience but encountered access friction.,closed,2026-10-02
TKT000430,PMS001173,CRM001173,guest_key_01173,475,2026-04-20T08:08:00,2026-04-20T08:51:00,rooms,housekeeping,3,true,Guest reported a housekeeping miss that made the room feel below luxury standard.,closed,2026-04-23
